Lflank,Rflank,Del Len,Count
$,E,3,10
E,E,17,2
G,H,1,11
I,I,1,4
R,F,4,4
A,$,9,10
$,Q,7,6
P,E,3,9
D,E,14,2
G,E,4,10
$,S,2,11
E,G,6,16
L,T,1,9
K,H,2,10
Q,K,6,2
H,F,3,4
A,$,8,8
L,E,18,1
H,P,3,5
F,M,8,1
K,H,1,14
H,D,2,3
K,$,5,9
V,V,3,10
H,S,9,1
K,K,18,1
H,A,5,2
Y,$,5,7
Y,$,1,141
F,D,16,1
V,L,3,4
K,K,1,22
G,$,1,205
R,E,8,3
A,E,1,14
K,E,3,7
K,$,4,7
$,L,8,5
K,K,2,11
A,K,3,5
R,A,8,3
R,M,9,1
H,G,4,4
D,K,18,1
A,K,1,20
P,G,3,4
T,E,2,4
Y,$,6,6
D,G,2,24
H,K,1,4
I,$,9,6
F,K,9,1
V,D,2,8
D,H,3,1
P,F,2,8
F,$,13,1
H,Q,11,2
$,L,1,19
E,E,1,10
H,E,1,4
H,F,6,1
A,V,1,14
E,$,4,11
F,S,14,3
P,D,5,6
T,M,3,1
G,$,2,18
K,E,6,5
I,$,10,2
F,P,3,3
S,$,1,192
$,L,71,5
R,A,6,2
T,D,2,13
N,N,1,23
D,G,3,16
C,L,8,1
L,S,6,8
N,$,16,4
P,$,1,194
N,D,13,1
I,$,16,3
$,A,83,1
S,D,5,6
N,G,16,1
C,C,9,1
M,$,17,1
$,E,5,9
G,G,7,4
L,$,8,14
$,D,25,1
P,H,5,1
K,$,16,8
Q,$,1,169
$,A,7,4
L,F,12,1
L,S,7,5
V,$,13,5
L,D,11,2
P,S,4,3
T,$,15,6
$,F,26,1
$,D,1,22
F,L,7,3
Y,A,14,1
R,$,14,2
L,G,18,7
E,$,1,200
$,I,3,10
E,Q,16,1
A,$,4,13
E,E,10,3
$,E,2,13
A,E,13,4
Q,$,2,8
V,L,19,1
S,$,2,5
E,F,18,3
D,H,10,1
E,I,10,1
K,I,13,2
Q,Q,14,1
E,P,18,1
$,Y,6,1
K,L,12,1
A,$,1,280
$,D,2,23
H,F,10,1
H,G,9,3
G,L,21,5
T,$,42,7
K,$,1,307
C,A,10,2
G,M,15,1
A,E,5,4
W,$,40,10
Y,Q,1,8
G,L,26,1
Y,Q,21,3
A,$,42,1
Y,C,2,5
Q,H,14,1
L,F,17,2
Q,A,7,5
E,L,12,1
Y,K,23,2
I,A,2,9
A,$,41,4
Q,A,8,4
E,G,5,9
Y,V,15,2
A,K,2,5
G,$,40,2
Q,P,10,1
G,G,10,10
$,A,24,6
H,R,10,3
Y,D,24,3
A,Q,6,3
N,Q,1,11
I,G,18,4
A,P,15,3
E,R,7,3
Y,E,25,1
G,$,39,2
H,A,9,7
G,K,22,2
E,Y,9,3
H,Y,12,1
L,E,6,6
G,A,19,2
I,F,3,4
L,E,14,4
G,V,14,1
L,V,13,2
L,R,5,8
Q,V,12,4
$,A,1,9
Q,P,2,7
P,A,1,16
L,H,2,2
K,G,1,20
V,G,3,12
W,$,41,1
$,G,3,14
C,R,28,2
L,D,25,2
A,A,12,2
I,K,6,3
I,G,1,22
F,G,1,8
D,K,2,11
N,$,6,6
$,Q,8,3
R,$,19,4
$,F,5,11
K,$,15,3
I,$,18,1
$,N,4,21
S,Y,5,3
C,I,1,4
K,$,14,19
L,P,2,9
I,$,19,1
$,K,7,31
Y,P,7,2
A,V,6,6
$,R,3,14
K,T,2,11
S,P,3,13
A,V,9,4
Y,$,16,4
H,P,5,2
C,V,3,1
R,$,20,4
S,P,6,6
H,S,6,4
Y,E,9,2
A,G,3,19
S,E,8,8
C,$,34,1
C,Q,5,2
H,L,13,1
C,T,2,3
S,P,1,10
S,A,10,1
R,$,17,3
F,$,23,5
S,S,7,2
H,C,17,1
L,P,5,6
G,S,2,13
F,$,22,3
L,$,1,256
$,S,1,25
K,V,1,9
N,A,2,13
S,G,3,17
G,$,8,5
$,P,2,16
V,$,1,149
$,P,20,3
Q,L,18,1
H,A,7,4
L,$,24,3
R,$,1,130
$,N,58,1
K,N,17,1
G,R,8,1
G,A,7,2
$,E,15,12
$,K,16,5
K,D,1,13
P,A,4,6
T,$,24,6
K,I,3,12
V,N,5,3
E,G,4,12
I,A,1,12
P,L,1,18
S,L,3,5
$,T,19,2
P,N,3,5
G,G,1,56
S,$,16,2
P,G,2,21
I,$,17,1
K,T,4,8
K,G,3,15
G,$,24,2
$,D,11,4
D,G,1,29
K,G,9,3
Y,$,10,7
$,V,12,5
D,A,3,13
L,T,10,1
D,$,19,7
$,K,1,44
I,D,4,6
K,F,1,12
T,E,10,3
H,D,1,2
L,$,27,2
S,G,2,21
N,N,3,11
S,D,1,40
$,V,2,24
N,K,5,1
A,E,8,8
I,$,25,3
$,T,17,4
E,A,7,3
K,$,37,1
A,D,2,13
$,L,13,4
P,V,5,4
K,L,1,18
G,$,30,2
Q,$,8,5
$,N,14,3
H,V,6,1
G,D,6,2
K,A,5,12
L,G,3,19
$,F,15,1
Q,Y,3,1
K,N,6,2
K,V,8,2
K,$,31,3
F,$,1,131
$,T,7,2
M,S,3,1
E,$,3,12
$,L,6,14
R,$,2,9
K,E,5,8
W,$,7,1
D,T,4,3
A,$,10,9
$,P,8,6
K,S,2,9
$,Y,25,4
D,S,5,4
A,T,5,4
W,P,22,1
L,$,6,20
$,T,3,15
E,T,1,8
S,$,11,10
N,$,1,117
$,S,5,5
K,$,12,6
I,$,8,7
$,E,1,13
S,$,6,6
$,S,20,4
S,F,2,8
K,S,1,8
$,F,10,1
T,$,2,35
$,A,21,3
L,A,5,4
L,P,1,7
K,A,2,4
Q,A,2,3
$,F,8,1
$,N,10,7
W,$,62,1
$,H,2,16
L,D,1,17
R,K,4,4
I,M,12,1
V,$,21,2
E,E,2,5
K,M,10,3
K,L,2,7
E,$,10,7
$,K,3,12
R,D,18,4
V,$,15,1
$,L,4,12
L,L,1,10
W,$,14,2
I,T,2,2
Y,E,10,1
Y,K,2,1
R,P,2,5
K,D,9,4
$,T,8,4
L,D,2,14
E,M,18,1
K,$,25,1
L,K,1,20
P,T,1,9
I,$,69,1
$,Q,3,1
T,G,10,2
S,K,17,1
N,F,13,1
S,G,8,3
N,R,9,2
G,R,16,1
D,R,10,2
$,N,36,3
A,G,17,1
E,$,5,10
S,T,5,2
K,K,10,2
E,S,7,7
D,S,7,3
Q,S,11,1
T,S,1,20
$,Y,8,2
A,Y,5,2
A,L,2,7
W,Y,2,1
Y,$,22,1
N,E,5,3
S,Q,6,5
S,$,4,13
$,Q,1,25
$,K,10,2
K,S,4,5
A,$,2,16
S,E,1,26
C,Q,3,3
T,$,7,8
Y,G,2,7
G,Q,2,7
$,C,2,2
N,C,3,1
F,P,2,2
W,$,6,1
$,T,6,19
P,K,23,3
L,$,4,12
L,$,3,26
$,V,6,5
P,R,31,1
$,P,22,21
V,H,4,1
L,$,17,4
N,$,15,3
$,T,4,5
Q,D,3,3
T,$,21,1
R,N,12,2
$,S,6,6
K,A,3,6
T,$,1,141
R,F,13,1
K,$,10,10
$,P,1,26
S,E,2,6
C,V,12,1
M,$,3,8
$,S,7,20
E,L,3,4
$,P,3,40
I,R,12,2
A,$,19,9
$,I,4,14
A,V,4,9
A,T,3,3
M,$,2,7
$,L,2,19
A,D,6,2
A,E,2,7
R,$,4,16
R,$,16,2
G,R,2,10
A,$,5,13
A,A,1,6
$,L,5,21
G,Y,5,4
I,$,1,138
$,P,4,7
E,G,21,1
G,T,11,3
F,N,2,4
D,K,6,2
T,E,1,13
A,K,28,1
$,E,6,16
S,M,1,3
N,K,4,9
A,G,2,16
$,T,10,3
N,Y,4,1
G,N,26,1
R,$,3,11
I,Q,11,1
F,N,1,23
$,E,4,12
T,G,6,12
A,D,1,5
D,$,1,144
$,V,19,2
A,Q,1,12
D,N,14,1
T,K,24,1
S,$,17,19
T,K,22,1
$,P,19,1
Q,Q,1,3
D,D,1,20
T,R,22,1
R,T,1,4
S,$,15,6
R,F,16,1
F,Y,6,3
K,L,20,2
E,Y,20,2
C,$,42,4
$,S,11,7
S,E,7,3
F,L,37,3
K,$,23,1
Y,$,21,3
N,Y,1,1
E,A,29,1
I,K,2,7
G,Q,12,2
T,R,2,4
N,$,53,1
$,S,112,7
S,P,27,2
I,$,117,7
$,E,30,2
L,C,5,4
F,V,12,2
A,S,23,3
S,D,57,1
K,G,7,4
K,T,31,2
K,$,54,1
S,S,26,3
$,T,111,3
G,S,25,5
E,$,123,1
V,$,123,2
$,P,45,1
D,S,64,2
L,A,64,1
I,G,3,11
V,$,53,1
$,Y,92,1
T,T,12,4
L,P,30,1
$,N,186,1
Q,A,9,2
L,P,174,1
R,$,23,3
F,E,14,1
A,T,22,1
I,T,46,1
W,$,55,1
G,P,26,6
E,$,122,1
Q,S,26,1
Q,Y,23,1
S,$,20,2
$,Q,50,1
A,E,16,2
E,$,63,1
$,R,10,1
N,K,26,2
D,E,7,11
L,W,40,1
$,F,7,10
L,Q,29,1
Q,T,9,1
T,I,49,2
L,$,2,38
L,T,33,1
D,T,8,1
L,$,60,1
N,Q,23,1
Q,N,13,1
L,S,32,3
K,D,34,1
Q,E,8,3
K,I,50,1
L,F,25,3
R,S,2,5
T,I,5,4
W,A,32,1
D,V,10,1
L,V,47,1
D,N,6,6
L,H,33,1
T,$,6,1
$,G,6,12
L,E,56,1
T,$,66,2
$,Q,9,2
Q,Q,34,1
K,T,44,1
G,$,5,9
E,W,39,1
L,L,38,1
Q,I,10,3
V,W,41,1
L,N,55,1
N,F,12,1
W,E,2,2
K,Q,2,4
L,$,39,19
$,L,7,11
A,I,3,3
V,E,2,5
K,E,1,9
G,$,32,4
L,R,4,6
L,E,3,8
A,$,45,2
R,G,16,1
K,P,1,11
F,E,12,2
N,K,6,4
L,G,13,1
R,L,1,9
N,K,2,19
R,K,5,3
T,G,23,4
E,V,16,1
M,$,44,1
N,Q,14,3
W,R,7,1
L,$,53,1
$,T,5,7
G,S,22,2
G,P,3,8
G,$,7,4
G,F,15,2
Y,S,1,10
G,I,2,8
L,$,5,3
A,F,16,1
R,A,32,1
D,R,2,8
L,$,9,5
$,V,7,6
L,Q,5,5
$,W,2,3
S,A,5,12
R,T,7,5
R,$,5,8
L,A,3,7
R,I,11,1
I,$,2,13
P,P,3,3
Q,P,7,1
T,$,10,4
N,V,32,1
G,A,10,2
V,$,2,22
$,L,3,6
N,D,14,2
R,D,4,8
$,V,22,5
N,R,8,7
$,D,21,2
L,N,1,23
E,$,12,5
$,T,25,3
E,$,14,4
D,N,2,10
P,I,11,1
T,K,1,8
V,D,1,9
Y,$,19,1
$,M,5,4
R,R,5,4
S,$,35,2
K,A,4,7
V,S,2,4
W,G,8,4
Q,$,18,3
$,K,17,3
L,$,19,5
S,T,1,17
L,$,11,9
R,E,3,2
N,N,2,27
$,I,18,4
E,N,3,1
$,R,19,2
T,N,2,11
E,E,3,1
$,G,2,22
R,S,5,2
N,$,31,1
$,H,5,6
I,S,13,2
N,$,3,18
P,S,12,4
A,R,1,5
H,$,7,7
$,K,6,5
P,T,15,1
P,K,13,2
$,H,9,1
V,N,7,4
I,$,31,1
G,E,10,1
A,$,30,1
E,H,4,2
R,$,27,3
V,I,12,3
W,$,100,1
$,N,74,3
D,I,6,1
G,N,3,15
S,D,6,8
C,$,36,1
D,T,2,9
I,$,97,1
$,W,72,4
A,F,1,3
M,$,29,2
$,D,16,9
D,E,50,1
Q,S,5,7
R,$,34,2
A,H,2,5
A,$,26,3
Y,D,3,2
R,$,33,7
N,I,15,1
K,S,37,1
S,$,50,1
$,K,77,2
A,L,3,5
V,$,34,5
$,M,17,1
N,T,17,1
D,L,6,14
L,$,22,6
$,Y,70,1
M,G,9,1
F,$,25,1
D,G,4,9
S,N,4,18
D,$,21,1
V,D,13,2
Q,$,93,1
$,I,75,1
$,N,73,2
G,I,17,3
S,N,35,1
A,F,2,3
V,G,10,3
N,$,99,1
$,S,50,1
A,L,17,2
E,E,7,2
R,N,7,4
$,L,63,1
E,K,1,7
A,H,6,3
L,$,33,2
$,K,82,1
V,L,8,3
L,$,10,2
N,L,16,1
V,T,2,6
R,I,10,2
H,N,2,4
C,L,12,1
N,I,7,4
R,G,1,18
G,$,14,1
$,K,5,16
P,C,1,4
C,D,11,4
I,I,8,2
A,$,11,3
L,L,18,1
D,I,1,5
D,L,8,2
F,$,11,1
N,D,15,1
P,L,12,3
L,G,2,23
L,$,12,3
$,S,8,2
A,I,10,3
M,D,6,2
$,P,10,4
E,V,4,8
K,$,6,9
$,W,9,1
$,Q,4,4
G,V,2,8
K,$,8,4
$,Q,19,5
Q,A,6,3
T,$,38,3
$,S,9,5
F,E,5,5
D,H,1,6
V,N,2,13
$,I,8,8
P,S,2,4
I,T,1,10
R,E,5,7
S,$,5,15
L,E,5,8
F,E,9,3
$,T,13,1
R,P,3,6
G,R,1,19
L,L,2,9
P,$,12,2
T,L,1,12
R,E,4,12
L,$,7,10
H,P,11,1
Y,E,7,1
K,N,1,11
R,T,2,15
K,G,4,10
L,V,19,3
R,D,1,13
Y,P,1,5
W,E,6,1
D,P,1,7
L,E,2,10
R,V,2,5
P,N,1,11
P,P,2,3
$,A,3,6
R,G,10,1
I,$,7,4
$,M,2,3
$,R,1,16
N,D,1,12
$,S,13,11
G,E,2,12
D,$,5,8
H,T,12,1
E,R,18,2
E,$,6,9
S,T,11,2
T,$,13,2
$,Q,2,6
I,S,5,4
I,N,4,2
Y,$,11,3
$,L,12,4
T,W,11,1
D,V,24,2
S,W,10,2
R,I,4,4
D,V,33,1
I,C,5,1
$,A,9,3
Q,S,4,4
L,D,8,2
V,I,10,3
P,$,21,4
$,I,10,2
R,S,13,1
$,I,14,1
E,F,8,3
L,E,9,4
R,F,12,1
$,K,2,16
D,S,6,3
Q,S,17,1
$,R,4,8
$,N,3,13
K,N,2,8
V,$,47,2
M,$,5,7
K,R,2,7
F,Y,4,1
I,A,3,4
I,I,2,2
D,T,7,6
T,$,8,5
F,F,4,1
Q,M,2,2
R,$,8,2
S,Q,2,4
D,$,12,3
K,$,13,7
$,K,8,12
I,V,4,3
A,E,4,4
$,A,28,1
S,E,6,2
G,D,3,10
E,$,85,1
N,G,2,18
G,Y,12,1
K,L,11,1
G,I,1,11
V,$,25,4
G,L,55,1
D,G,9,4
R,$,73,1
T,G,5,3
G,Y,11,3
K,$,50,1
$,R,2,14
N,K,37,1
L,W,11,1
G,L,1,8
C,$,35,1
$,C,11,6
C,K,7,1
L,S,2,11
A,E,7,3
G,P,4,4
S,G,1,34
A,G,6,12
G,S,12,1
L,L,12,2
A,$,3,16
A,K,12,1
L,S,10,1
I,M,10,1
G,E,1,11
E,$,27,1
V,Q,4,4
R,R,4,7
I,$,5,9
M,A,48,1
C,$,4,4
T,R,3,7
$,$,84,1
$,F,17,1
T,$,235,1
$,H,7,2
M,G,3,8
E,E,5,3
G,$,3,9
$,R,8,11
R,T,3,7
S,S,12,1
G,$,4,4
Y,S,3,2
E,E,6,2
G,G,3,16
$,F,1,5
$,A,2,24
V,F,2,5
A,D,4,7
T,$,48,2
$,E,8,4
L,E,10,3
F,G,10,2
F,$,18,1
$,L,17,4
M,S,1,5
V,P,3,12
A,N,18,1
G,P,8,5
A,G,4,4
M,P,2,1
T,E,13,1
A,P,6,9
$,T,18,1
A,P,2,4
V,H,2,3
P,R,11,1
T,L,2,6
$,F,3,15
N,$,7,3
L,S,4,16
A,D,5,7
R,$,10,7
$,A,4,12
L,R,1,10
K,T,3,4
K,H,3,2
I,S,3,3
L,E,8,4
L,R,3,7
C,T,7,1
I,S,10,1
N,$,9,1
G,S,5,14
D,V,3,6
R,G,5,9
L,T,4,9
I,D,6,2
K,R,5,1
K,D,5,3
D,D,4,4
K,I,2,3
R,K,2,6
G,S,1,32
R,S,3,6
V,S,1,10
N,T,6,10
S,S,1,15
C,G,4,6
Q,H,6,2
D,$,2,9
N,H,5,3
C,R,2,1
D,H,4,1
V,G,2,17
Q,T,7,2
S,S,3,12
R,L,4,2
D,D,2,9
Q,S,3,5
Q,N,1,4
D,$,10,2
L,G,4,12
Q,L,1,8
N,E,3,15
V,N,3,11
T,$,5,8
$,D,3,3
E,A,4,2
R,P,29,1
L,D,4,7
$,V,15,6
Y,N,20,2
E,C,1,7
T,R,7,5
T,T,41,1
E,I,14,3
E,$,17,3
T,G,42,1
$,C,29,1
F,N,18,1
K,A,1,20
L,T,6,3
V,D,44,1
E,L,13,1
E,L,4,4
I,S,1,10
I,E,6,1
M,E,1,3
S,N,7,1
K,K,3,3
S,E,5,10
E,I,9,1
E,D,1,17
S,$,7,3
$,E,10,2
N,E,4,2
L,Y,3,2
L,H,6,3
S,S,10,4
$,Q,13,4
F,E,6,4
G,G,13,1
A,A,6,3
C,G,1,11
N,S,1,19
P,S,1,11
Q,L,11,1
L,R,23,1
F,$,59,2
$,C,34,1
I,G,15,2
A,F,7,2
H,G,60,1
L,A,1,13
A,R,56,1
D,C,4,5
V,$,62,1
F,S,7,1
L,G,7,15
I,S,2,6
N,Q,2,9
G,R,6,5
L,F,18,2
D,$,58,1
$,V,1,6
L,F,5,10
T,A,8,2
N,P,3,6
P,V,4,10
P,$,16,3
Y,G,1,19
$,P,37,4
P,G,14,2
I,I,4,3
C,E,6,7
N,T,15,2
S,A,1,10
E,P,9,2
L,G,21,4
V,A,6,3
D,$,52,1
F,P,8,2
G,N,6,10
C,S,2,2
L,P,18,2
L,P,19,1
Q,E,4,4
L,G,6,9
N,S,5,3
K,P,16,2
R,$,57,1
$,A,39,2
F,T,26,1
L,G,85,1
T,V,67,1
N,P,4,2
Q,$,23,1
$,D,31,4
I,N,6,2
R,N,3,5
G,K,10,2
$,T,29,3
F,K,3,6
I,L,4,5
Y,N,6,4
N,H,13,1
P,K,2,10
S,$,26,3
C,$,1,89
N,T,10,1
G,H,9,1
$,W,26,1
Y,K,8,2
G,$,82,1
Y,F,2,2
Y,R,7,2
K,$,81,1
$,T,2,26
N,R,11,1
F,L,6,3
N,K,3,5
W,D,13,1
F,H,10,1
Y,$,3,5
P,P,13,4
G,R,3,3
L,Y,16,1
Q,T,18,1
Q,G,8,4
C,H,1,3
H,I,3,2
A,F,3,7
F,G,3,2
L,P,26,1
$,G,17,1
E,G,9,2
C,N,16,1
G,F,6,2
H,D,13,2
A,$,6,10
A,R,4,6
D,E,1,20
M,A,10,1
V,F,5,3
Y,D,6,4
Y,A,1,3
F,G,38,1
Y,L,6,1
F,S,41,3
Y,$,2,9
$,Y,62,1
T,Y,35,1
Y,E,8,1
$,$,98,2
N,M,2,2
G,Y,9,5
N,I,1,10
V,$,5,9
Y,I,9,1
M,E,11,1
D,P,3,6
Q,S,1,8
A,$,16,4
$,K,23,2
A,Y,25,1
Y,T,2,6
N,T,3,5
P,N,32,1
L,Y,27,1
D,F,15,1
Y,L,16,1
G,D,28,1
T,N,14,1
D,W,32,1
Y,$,118,1
$,Y,63,1
T,G,13,1
Y,N,8,4
V,F,55,1
V,I,40,1
V,N,1,15
T,E,15,1
L,W,37,1
D,V,49,1
S,G,5,5
K,$,3,12
$,E,18,6
A,Y,24,1
D,N,3,5
R,S,4,5
S,T,104,1
A,N,9,12
L,I,35,1
H,N,13,3
E,G,33,2
A,N,46,2
D,G,5,6
$,P,48,1
P,Y,7,1
S,F,3,4
Q,K,20,1
T,A,1,9
V,K,25,2
F,Q,6,4
K,A,7,8
S,$,234,1
A,G,8,4
S,K,6,5
D,F,3,9
S,S,24,2
H,P,8,1
D,E,28,5
I,T,30,2
V,L,12,2
T,W,30,1
V,E,49,1
D,V,26,1
N,H,4,2
P,D,11,1
H,D,12,1
L,P,37,1
A,Y,91,1
G,Y,20,2
D,K,42,1
N,P,17,2
N,T,53,1
S,I,13,1
V,I,19,1
D,L,63,1
A,V,48,1
V,$,4,8
$,L,21,3
N,V,11,3
S,P,5,4
L,L,8,4
R,K,13,2
V,D,22,1
W,T,2,1
L,Q,2,11
A,L,11,2
G,H,11,1
D,R,6,8
E,E,32,1
L,L,56,1
I,T,17,1
R,$,7,11
$,D,22,1
S,G,12,3
Y,W,3,2
G,V,5,14
T,P,9,1
A,G,59,1
$,$,492,1
$,M,1,3
C,T,37,1
Y,D,19,1
L,D,15,2
Q,G,3,7
S,S,22,1
P,D,19,1
S,V,11,5
L,N,46,1
G,A,66,1
F,$,4,4
$,T,1,25
K,M,5,4
T,P,21,1
K,D,6,1
S,A,34,1
K,D,27,1
P,E,6,4
G,Y,7,1
S,F,11,3
E,K,11,4
I,E,5,3
D,$,8,9
P,W,16,1
I,D,9,1
D,R,3,7
R,L,5,8
K,K,6,7
Y,V,1,4
Y,Q,5,2
P,K,4,7
I,T,4,7
Q,W,17,1
R,E,7,1
P,Q,1,5
L,Y,4,4
V,L,11,2
P,K,8,1
$,E,25,1
N,W,20,1
K,D,7,6
D,I,10,1
P,Y,27,1
R,S,20,2
A,K,26,1
K,$,26,2
V,I,13,1
D,L,44,1
L,K,6,4
S,W,7,4
S,F,20,2
L,R,6,6
E,P,3,2
G,M,10,1
N,L,4,6
A,L,9,2
$,R,5,10
L,N,10,2
D,E,17,2
A,R,3,2
V,V,8,2
E,D,29,1
K,G,11,1
M,L,1,3
R,K,1,7
K,N,13,1
R,Y,1,3
G,S,3,9
Q,$,4,2
L,Q,9,1
D,G,14,4
F,K,1,4
V,C,10,1
D,K,17,1
A,K,16,1
M,K,3,1
D,N,12,3
I,Q,8,1
L,L,17,1
R,R,124,1
Q,K,4,3
$,A,51,1
R,A,12,4
A,I,5,2
Q,D,27,1
A,T,15,1
L,T,11,2
M,R,1,2
K,$,72,1
$,L,15,1
S,S,9,2
I,E,2,6
F,E,10,2
L,L,4,7
R,L,3,5
R,M,3,2
G,$,29,1
R,E,1,6
E,R,14,1
R,K,11,3
K,K,42,1
N,$,18,2
$,H,4,6
L,R,2,6
F,A,3,5
G,R,12,1
I,I,24,2
A,$,20,4
G,G,29,2
H,V,1,4
Y,N,24,2
$,T,15,5
H,P,7,1
K,G,48,1
R,N,8,2
G,G,4,12
G,V,27,1
L,S,3,10
N,V,4,3
G,K,3,7
K,K,11,2
D,G,36,2
H,$,25,2
$,I,26,5
R,Q,2,5
A,F,47,1
L,F,2,12
V,D,3,14
Q,D,34,1
K,I,5,4
P,K,1,5
W,A,1,4
S,F,9,2
$,V,25,4
P,M,2,4
S,W,43,1
I,E,3,3
D,A,66,1
F,H,3,1
S,P,2,10
A,I,25,1
D,V,35,1
D,L,2,8
P,E,1,14
L,P,3,7
K,$,2,22
$,W,32,1
E,M,4,2
E,Y,1,11
G,Q,1,20
S,V,21,1
F,E,2,4
D,A,5,5
F,P,30,1
K,T,24,1
F,R,2,3
L,$,30,2
Q,G,1,17
E,V,23,2
D,E,3,5
E,C,39,1
S,I,6,2
P,R,1,5
D,C,40,1
F,$,3,6
I,D,3,5
K,T,43,1
T,K,10,1
G,P,68,1
V,G,1,23
L,$,25,3
N,I,26,1
V,F,40,1
N,I,27,1
E,H,17,1
E,N,17,1
$,V,27,2
E,V,3,8
Q,P,4,3
T,G,4,2
F,G,155,1
R,R,2,3
Q,H,3,1
R,D,2,2
P,I,9,1
D,$,7,3
$,$,595,2
$,G,98,1
A,P,12,3
A,$,411,1
$,E,45,1
L,H,14,1
D,Y,10,2
S,E,13,3
R,Y,7,5
L,$,26,9
W,$,1,40
$,H,65,1
D,K,31,1
L,Y,9,3
$,L,121,1
T,N,4,5
D,N,5,6
L,$,31,1
$,L,366,2
A,P,34,1
E,W,3,2
L,E,11,3
V,T,10,1
F,$,116,2
$,$,588,4
$,L,164,1
S,I,29,1
S,$,375,1
A,W,45,1
V,$,137,1
$,P,404,1
P,E,12,3
A,T,13,2
$,$,157,1
Q,G,30,1
T,V,1,7
I,V,5,3
N,G,20,1
I,$,33,1
A,L,6,5
G,F,1,10
$,Y,43,1
N,G,9,4
$,S,35,2
N,K,1,11
H,T,7,1
H,Q,2,5
M,G,1,8
E,$,33,1
M,$,1,77
D,Y,2,8
Q,$,32,2
D,$,59,1
$,A,5,8
A,N,6,3
V,K,4,3
E,$,28,2
A,S,5,3
L,C,3,3
$,S,4,5
N,M,16,1
$,S,3,9
K,H,8,1
C,M,15,1
F,N,7,2
$,P,11,10
D,W,7,1
N,G,4,3
N,V,17,1
R,T,9,2
D,$,27,3
E,S,15,1
R,Q,7,2
F,L,3,6
R,F,5,2
N,G,5,8
G,S,4,9
E,S,16,1
R,I,16,2
M,L,7,1
R,Q,8,2
Q,E,6,5
V,T,11,2
K,F,3,1
N,L,6,3
K,S,5,6
A,$,18,3
E,T,14,3
R,L,15,1
G,Q,5,9
I,$,20,2
E,S,21,2
N,Y,9,4
A,$,17,9
V,S,14,4
S,F,6,2
Q,$,16,6
F,P,1,6
S,L,20,1
T,T,5,3
A,L,4,7
$,N,11,6
M,Q,8,2
R,L,2,9
E,A,9,1
D,F,9,8
E,K,2,18
N,F,9,3
I,N,18,2
S,W,23,1
F,$,7,2
D,K,11,1
I,W,21,1
F,$,6,8
V,P,1,7
I,L,8,7
Y,A,9,2
D,S,18,2
D,S,3,9
A,L,18,2
Y,E,44,1
V,Y,17,1
H,$,1,63
E,D,4,6
C,$,131,1
$,N,2,5
E,L,55,1
E,D,8,2
D,$,3,7
L,N,3,7
K,P,12,1
E,T,2,6
D,K,7,4
S,D,3,9
Q,P,1,5
V,G,11,9
P,V,1,5
C,V,1,4
D,T,1,8
D,$,4,10
$,T,9,4
C,E,11,1
$,S,39,1
G,N,19,2
S,R,17,1
G,Y,8,1
A,P,5,1
S,G,4,5
P,K,11,1
A,G,1,24
A,I,2,2
L,V,6,4
L,$,47,1
K,S,3,16
S,L,14,2
P,K,7,3
G,K,2,10
K,E,10,2
F,$,9,3
M,K,2,4
S,Q,19,1
R,N,1,7
E,L,1,7
$,L,16,2
E,K,7,1
L,R,20,2
L,G,5,10
S,K,12,2
I,L,2,15
L,$,100,1
W,G,1,5
N,T,2,13
G,V,3,2
V,C,2,1
C,$,8,1
Y,W,2,3
V,P,4,3
Y,$,15,6
N,Y,3,4
G,G,2,13
$,T,39,1
V,D,29,1
N,$,23,2
G,T,5,6
$,A,38,1
C,C,36,1
Q,$,24,8
G,W,4,2
Y,N,12,1
R,$,6,2
T,D,11,3
K,Y,10,1
C,T,5,1
$,G,8,7
F,A,11,1
E,A,3,12
T,I,12,8
D,T,10,4
R,W,17,2
D,$,160,4
$,$,292,3
$,I,38,2
I,S,58,2
T,K,2,6
I,A,25,2
V,S,9,2
A,H,19,1
D,$,82,2
$,N,35,1
T,T,21,3
M,C,16,1
C,R,7,1
R,$,184,1
L,H,20,4
V,M,10,1
G,P,1,13
V,I,8,2
T,T,11,1
R,C,21,1
$,H,36,3
E,C,55,1
E,$,185,1
P,A,10,4
I,C,2,3
H,D,3,5
C,L,16,1
A,S,13,3
E,W,21,2
I,D,1,11
G,C,42,1
T,$,187,1
H,S,43,1
T,A,19,2
T,$,163,2
$,L,37,2
R,S,17,1
P,K,12,1
T,D,1,10
I,T,7,2
K,$,186,2
P,M,11,2
H,G,1,10
D,P,9,2
V,A,9,3
$,F,34,1
H,V,4,1
V,C,31,1
H,$,161,1
R,A,19,2
D,$,161,1
$,$,110,1
P,T,3,6
G,A,2,19
S,K,4,13
K,R,8,8
L,T,3,13
$,D,8,7
L,S,5,8
A,D,3,6
K,G,2,19
Q,K,3,4
Q,R,12,1
$,F,2,10
P,R,2,12
A,Q,5,5
S,M,3,2
E,V,1,5
N,T,1,22
Q,A,5,3
F,R,18,1
G,Q,24,1
S,F,1,7
S,N,1,22
S,T,2,8
L,L,10,3
V,R,4,3
Q,K,1,13
E,Q,4,4
L,F,3,4
L,M,4,4
S,L,1,15
T,R,1,6
P,$,2,16
R,A,3,7
A,I,4,4
R,A,2,7
S,K,2,16
A,T,4,9
L,I,3,10
E,T,3,7
S,I,2,6
S,$,9,5
P,A,3,6
L,P,4,14
S,Q,1,4
S,Y,3,6
N,E,2,10
A,K,6,3
N,H,6,3
D,W,4,2
R,S,1,8
N,D,8,3
P,W,8,3
E,M,8,1
N,A,7,8
L,H,7,2
A,W,5,3
Q,S,2,5
P,V,10,4
R,E,6,1
R,W,7,1
K,Y,6,4
P,$,3,14
D,L,7,11
I,L,1,3
L,D,10,1
P,M,9,1
T,A,10,2
P,L,11,3
N,W,3,1
Q,Y,5,4
L,A,8,5
P,L,3,6
V,$,8,1
L,A,9,3
S,$,22,3
A,L,12,1
$,H,19,1
N,Y,11,2
Y,W,7,1
P,Y,13,1
S,K,1,20
S,E,9,4
T,$,4,18
A,M,6,2
R,M,8,2
G,Y,1,17
A,N,1,12
E,M,7,2
S,V,1,15
L,W,14,1
R,V,9,2
E,W,5,1
L,V,1,8
V,H,5,3
Y,L,1,5
R,S,8,1
A,W,9,6
E,K,4,5
Q,$,20,1
E,E,14,1
F,E,1,5
L,T,5,4
E,T,7,2
D,E,15,2
$,Y,1,4
T,V,9,2
G,F,3,9
V,Y,13,2
T,S,8,2
T,Q,12,2
K,F,4,2
A,E,12,2
G,L,5,4
A,T,17,1
P,N,8,3
H,I,6,3
T,T,1,6
N,V,18,3
Q,L,13,1
$,M,4,5
N,K,12,3
Q,A,11,4
N,D,3,4
Y,Q,6,2
$,A,11,5
N,F,11,4
V,R,1,9
G,P,2,16
D,A,6,2
D,K,5,5
L,S,1,22
Q,F,2,2
S,M,9,1
T,P,8,3
D,W,6,2
A,T,8,3
G,E,3,11
F,$,2,7
G,T,4,6
F,T,3,4
I,D,2,3
M,V,5,1
G,Q,4,12
F,G,20,2
E,L,22,1
N,H,14,3
G,T,9,3
A,$,7,11
T,A,12,1
V,K,3,6
V,E,1,8
D,V,4,5
W,D,3,1
F,Y,9,1
P,P,1,3
K,S,15,2
$,P,5,11
K,H,13,1
M,Q,2,5
T,N,11,1
F,$,8,3
N,I,13,1
T,L,12,1
T,H,4,2
T,L,9,4
P,G,4,5
N,R,6,3
H,A,3,4
N,T,8,7
E,S,4,2
V,$,3,15
I,K,8,1
T,V,13,3
V,K,9,1
V,Q,10,1
D,A,1,15
F,S,3,5
G,T,1,22
G,N,7,3
N,L,1,6
P,F,12,3
A,V,14,2
K,L,6,3
F,$,26,1
V,T,1,16
K,D,2,11
D,V,2,8
A,F,15,1
V,S,8,2
D,$,6,4
P,M,3,4
E,Y,6,2
K,N,4,3
G,K,9,5
D,V,9,2
G,C,8,1
N,I,4,4
L,K,7,3
S,C,9,1
E,F,14,2
V,D,5,3
D,L,3,4
E,T,10,3
A,F,6,2
K,I,9,2
G,G,16,1
$,C,33,1
P,A,15,2
Y,K,3,5
L,$,64,1
$,G,1,11
A,W,2,1
K,P,6,3
C,$,3,5
$,Y,5,3
D,W,10,1
N,S,6,1
L,I,32,2
P,N,6,3
T,E,5,9
Y,G,9,8
$,D,10,6
N,I,9,3
L,N,39,2
I,Y,6,3
T,Q,3,3
W,$,21,2
$,F,4,10
E,H,3,7
D,S,1,11
V,S,23,2
P,Y,5,1
S,S,15,2
N,K,7,1
L,H,5,1
I,D,14,1
L,F,55,1
T,K,4,2
I,Q,20,1
L,I,4,5
G,S,45,1
I,$,35,1
A,N,12,1
N,I,18,1
G,S,6,1
K,T,13,1
P,I,14,1
$,Y,9,4
P,H,1,6
Y,P,4,4
A,R,2,3
H,F,1,7
R,K,18,2
N,M,1,5
I,N,12,4
I,S,8,5
E,$,8,9
$,R,12,4
A,H,17,2
G,F,11,1
R,L,20,2
N,T,16,1
Y,N,2,4
D,I,2,1
A,Y,1,8
P,S,7,1
C,$,7,5
Y,S,4,4
A,N,31,1
P,R,7,5
K,N,18,2
I,I,6,1
S,$,3,16
$,Q,5,11
S,Y,2,8
S,I,3,5
Q,$,5,12
A,Q,2,4
T,S,7,5
C,N,23,1
H,V,8,1
$,V,4,12
K,Y,29,1
E,P,1,8
K,C,7,1
G,M,3,2
K,S,44,1
T,Y,2,1
E,S,1,2
E,S,2,5
W,$,2,1
T,G,2,22
E,D,2,14
A,S,3,5
K,P,2,5
Q,N,7,2
S,Q,8,2
$,G,128,1
H,N,10,3
D,N,1,31
C,G,16,1
Y,R,2,5
V,P,15,1
$,N,127,1
C,H,15,3
A,P,16,1
$,N,39,1
Q,L,12,1
L,R,8,6
E,G,3,3
I,$,11,4
W,Q,22,4
Q,F,28,1
D,P,5,17
$,D,4,16
D,Q,24,3
T,A,2,11
I,D,21,3
D,E,4,8
S,I,27,1
L,G,1,26
G,D,20,2
T,G,9,3
L,$,40,2
D,I,26,2
L,Y,31,1
Q,D,17,1
H,E,19,1
T,$,56,1
$,Y,3,7
H,Q,21,3
G,I,28,3
D,F,6,4
Q,E,3,6
H,I,21,1
G,P,9,5
H,I,17,1
Q,A,24,1
R,P,7,1
P,$,38,2
$,N,8,1
Q,I,27,1
Y,$,40,1
W,Q,23,1
Q,Y,26,3
Y,P,2,3
L,A,61,1
G,A,25,2
H,D,20,1
H,G,18,2
L,Q,10,4
W,T,24,2
N,C,27,2
N,D,21,1
S,P,11,4
W,I,25,1
Q,P,12,1
V,P,9,4
V,P,10,5
N,S,18,2
$,G,5,11
W,T,23,1
R,F,30,1
S,A,4,14
V,F,10,3
G,P,28,1
L,I,17,1
H,P,20,1
T,P,3,5
A,L,8,3
R,$,55,1
L,T,14,2
W,Y,59,1
N,D,19,2
$,N,5,9
Q,V,6,5
I,G,52,1
A,S,7,4
L,N,31,1
G,$,28,1
Y,D,2,1
D,K,1,12
L,L,14,9
E,$,2,19
L,K,3,7
E,D,3,3
$,D,17,2
A,F,5,6
P,Q,5,2
D,L,1,20
A,R,5,4
$,C,3,2
L,K,5,8
G,A,8,1
Q,$,12,2
R,A,11,2
K,Q,12,1
P,I,15,1
C,F,2,2
M,S,4,2
R,P,10,2
K,F,10,2
$,E,68,1
L,V,3,8
K,H,6,3
G,E,5,7
P,G,5,9
I,D,7,3
G,L,2,13
A,A,16,3
T,F,1,2
Y,T,17,3
V,S,7,1
Y,A,7,1
A,R,17,5
G,G,18,1
P,S,5,7
A,T,2,4
S,A,6,8
A,V,15,1
A,V,3,6
P,R,18,3
Y,V,18,1
P,R,4,9
P,T,4,5
K,R,12,5
S,A,2,10
P,V,16,1
L,V,20,1
P,G,6,3
A,A,8,5
A,T,6,11
C,R,9,1
K,W,6,2
P,G,24,2
T,K,3,14
D,V,1,9
F,I,9,1
E,R,10,4
I,G,8,2
G,L,6,5
L,A,6,3
S,R,20,1
G,S,43,1
S,F,10,2
N,$,10,2
V,Q,2,3
D,S,4,4
A,P,17,2
F,T,33,1
A,E,29,1
V,S,10,1
H,V,3,2
G,M,37,1
V,T,9,3
N,E,28,4
Q,E,1,5
A,N,19,1
K,M,39,1
N,I,29,1
F,N,3,4
T,P,18,2
P,M,59,1
A,K,17,1
Y,$,8,3
$,Y,13,3
N,A,5,3
A,G,5,12
T,Q,2,9
S,V,2,4
L,S,8,3
$,R,43,1
V,V,4,2
E,G,1,35
T,G,17,2
L,V,8,3
G,V,31,2
P,H,13,1
W,W,1,1
P,L,6,6
S,H,1,4
D,S,11,7
T,N,34,2
E,G,2,10
A,V,25,2
V,V,19,2
L,L,7,1
V,R,7,5
I,G,40,1
$,G,75,1
V,V,13,8
G,H,2,6
V,T,4,8
D,L,13,6
Y,$,4,7
$,W,76,1
V,E,6,2
N,F,34,2
A,S,4,7
T,$,3,13
A,T,24,1
P,H,15,5
G,W,2,3
E,R,6,4
S,S,2,14
I,R,11,3
$,P,58,1
N,H,9,4
V,V,2,11
I,L,12,2
N,A,38,2
$,P,12,6
R,G,48,3
P,R,9,4
N,A,37,1
$,G,21,7
A,W,50,2
I,G,42,1
$,L,22,3
E,R,8,4
I,A,39,2
R,T,25,2
P,W,17,1
I,N,37,1
K,S,6,3
V,V,16,1
F,G,49,1
A,S,1,10
D,P,10,1
L,N,33,2
I,Q,42,1
$,R,14,2
D,D,25,1
P,V,18,1
T,T,4,2
T,F,33,1
E,V,58,2
L,P,6,6
I,R,43,2
D,P,22,1
N,G,12,1
R,T,6,6
N,N,35,4
D,F,44,1
R,H,45,1
N,N,36,1
D,W,47,1
N,S,8,1
N,F,33,1
Y,Q,3,4
$,W,78,1
L,V,11,8
N,R,41,1
A,V,46,1
E,V,9,3
V,R,12,1
C,V,57,1
V,L,5,2
A,F,12,1
F,S,5,4
H,N,5,1
$,R,21,5
G,N,2,21
Q,M,13,2
R,C,2,1
D,A,8,4
G,I,5,4
$,N,28,2
C,G,3,10
R,S,14,3
G,L,8,4
R,A,10,2
R,P,13,1
Q,$,7,3
G,N,4,3
L,S,12,3
D,G,6,6
M,G,2,3
G,I,7,4
$,Q,26,1
V,M,5,2
D,M,11,1
E,A,13,1
G,A,1,14
P,Q,2,5
Q,V,1,6
E,N,4,5
D,A,19,2
V,H,6,6
Y,L,7,7
K,S,7,4
L,A,10,3
$,I,30,4
N,G,1,28
G,$,150,1
$,C,30,1
G,$,144,1
E,L,8,4
K,Y,2,8
N,V,2,14
S,P,8,4
H,P,4,7
H,T,1,3
E,Y,16,1
N,A,6,3
T,V,4,2
E,Y,15,2
S,A,7,9
T,P,1,6
E,Y,2,4
S,L,15,3
K,Y,1,8
Y,H,5,2
E,K,10,2
Q,T,2,8
G,D,1,25
S,K,10,1
L,I,48,2
E,$,7,5
Q,N,3,7
I,N,2,8
R,L,14,2
I,G,9,6
N,$,33,1
Q,V,2,3
D,$,32,2
K,L,15,1
L,$,71,1
T,I,3,2
S,K,14,1
L,I,2,4
G,S,8,1
F,R,5,11
K,E,7,9
Q,V,4,3
$,Y,4,11
K,R,4,5
R,V,3,4
P,G,20,1
Q,E,28,1
N,R,4,5
V,K,1,9
G,M,5,3
H,S,8,5
V,R,2,8
K,G,5,8
F,S,1,10
A,L,1,10
G,A,3,10
H,L,1,2
N,A,4,6
S,E,4,4
H,E,6,5
E,N,1,14
N,L,3,11
K,N,3,3
R,A,4,4
E,R,2,6
G,R,4,7
N,S,13,2
Q,F,8,1
V,E,4,3
$,G,11,1
T,R,6,1
Q,P,9,1
V,A,2,4
H,K,2,6
I,S,7,4
F,F,1,5
N,R,3,3
R,P,4,3
P,P,6,1
H,I,7,2
$,A,42,1
H,L,4,1
R,S,7,1
$,M,16,1
C,G,8,1
Q,I,29,1
P,M,8,3
V,I,5,4
L,V,4,7
N,C,8,2
P,F,6,3
L,I,27,1
L,M,7,1
V,S,6,1
F,R,4,5
$,N,85,1
P,I,16,4
K,E,28,1
R,V,14,1
T,D,29,1
C,N,1,1
$,C,6,4
S,D,7,4
V,$,9,4
V,I,1,6
V,F,4,1
L,V,9,1
D,$,9,1
G,$,6,8
R,I,1,6
M,$,7,6
E,F,1,6
$,S,16,2
V,R,26,1
$,T,20,16
L,E,1,6
D,I,3,5
$,E,19,5
E,H,1,4
$,I,23,5
L,$,29,1
R,S,10,3
N,H,1,3
T,P,2,8
$,K,13,1
I,G,10,2
K,R,13,1
L,P,12,4
V,M,21,1
L,L,11,2
F,K,4,1
S,M,18,1
F,Q,1,1
V,L,18,1
T,L,10,2
E,R,1,7
$,F,138,1
S,R,14,2
H,L,19,1
T,V,14,2
$,E,7,9
N,N,17,6
P,G,1,21
Q,$,86,2
C,G,9,2
G,N,17,2
D,C,2,12
V,$,80,2
N,A,18,1
Q,R,1,2
G,$,81,1
$,E,31,2
K,F,13,1
$,N,1,19
E,T,19,2
G,D,11,2
P,E,24,1
D,F,4,2
P,I,3,4
H,Q,14,3
R,G,3,9
K,$,22,6
I,G,4,8
$,E,9,4
N,V,1,10
G,G,5,11
Y,$,23,8
N,Q,4,2
L,A,7,1
A,$,33,1
I,F,8,7
S,L,2,3
H,L,5,4
L,T,17,1
D,V,6,1
G,G,8,1
D,R,1,12
Q,$,3,4
$,H,10,1
I,$,12,3
K,P,7,1
E,Q,5,2
R,F,6,1
P,$,10,6
E,M,2,1
Y,V,4,10
I,$,3,10
$,T,33,2
D,Y,8,24
M,Y,1,3
G,G,9,3
I,G,2,7
F,R,1,3
Y,I,1,6
T,T,2,1
Y,T,5,4
F,T,2,3
D,Y,9,1
K,D,4,2
Y,G,6,5
$,I,16,2
T,H,1,3
M,E,2,3
F,D,2,7
M,A,3,2
$,P,18,1
I,Y,10,2
Y,I,2,2
$,Y,14,3
I,G,5,6
Y,F,5,2
$,H,6,2
E,I,11,4
P,E,4,2
T,K,15,1
D,T,3,6
H,$,62,1
D,I,9,4
G,I,4,7
G,$,57,2
K,K,13,3
V,K,2,10
V,H,3,1
G,K,14,1
G,N,8,4
A,E,10,3
H,$,5,5
$,V,17,5
D,I,4,6
L,L,3,5
G,I,18,1
D,L,4,4
D,E,11,7
R,G,11,1
L,C,11,2
R,E,12,4
I,$,4,9
D,L,12,2
D,G,10,2
L,H,1,7
P,D,3,6
D,S,10,2
K,E,11,1
S,$,8,6
$,Q,16,4
R,I,5,2
T,L,24,1
G,V,1,9
D,E,13,3
R,R,1,4
L,H,3,4
P,S,9,3
$,Q,15,3
G,S,24,1
R,Q,6,1
R,I,13,1
L,L,5,6
R,G,4,11
L,Q,6,2
D,S,2,8
D,L,10,2
A,I,14,4
N,$,4,3
R,F,7,2
R,R,10,1
D,A,9,1
D,I,12,2
L,V,2,11
A,N,4,6
S,Q,3,7
D,R,13,2
G,E,19,2
$,H,12,3
D,F,16,2
$,Q,31,1
C,D,1,2
R,T,10,3
N,$,48,1
$,I,31,2
Y,N,5,5
T,G,27,2
D,D,12,4
V,G,5,9
D,P,2,8
F,E,4,4
Q,$,56,1
Q,$,57,1
A,P,1,10
H,S,3,2
N,$,2,11
K,V,11,1
M,$,4,6
$,N,6,4
S,D,4,6
T,G,11,2
T,L,8,6
T,F,3,3
L,Y,11,1
R,Y,5,9
E,N,2,8
H,G,2,5
E,K,6,3
L,I,10,1
$,R,11,1
C,F,3,1
R,H,2,9
P,$,18,2
Q,N,2,4
T,N,1,12
C,G,2,11
A,S,2,7
S,T,3,5
S,W,2,1
G,N,1,17
S,N,2,12
Y,M,2,1
V,Q,8,2
$,V,5,2
A,N,3,6
D,K,3,3
A,K,13,1
S,M,4,3
N,H,2,3
N,E,1,8
C,S,3,1
G,K,4,10
Y,$,12,1
K,D,3,7
T,N,18,1
S,C,13,1
R,D,7,3
Y,H,4,2
G,L,7,3
G,P,5,8
Y,C,10,1
P,N,7,5
G,P,6,6
D,L,5,3
G,R,7,1
T,D,5,3
D,D,7,1
K,K,4,6
W,C,11,2
T,G,19,1
P,D,4,3
D,R,8,1
N,G,3,3
A,N,8,2
H,L,2,2
A,C,3,2
S,R,5,11
G,C,2,5
F,A,6,4
V,S,5,5
H,L,3,4
P,T,2,11
D,S,8,3
T,H,2,1
S,T,4,2
G,T,2,10
$,I,2,16
N,D,4,5
V,D,14,2
C,N,2,2
H,V,2,5
T,G,1,22
M,R,4,2
$,N,23,1
M,E,5,2
G,$,9,2
$,G,24,2
D,L,15,1
H,G,15,1
H,R,3,1
$,D,5,9
V,R,6,1
T,V,10,3
Q,R,8,2
T,$,12,4
R,E,14,2
$,E,32,2
T,W,60,1
Q,$,28,2
E,R,4,2
N,S,3,6
R,W,43,1
Q,$,29,1
T,G,62,1
W,$,29,1
A,W,37,1
$,V,29,1
P,P,42,1
$,L,28,3
I,K,1,12
P,K,9,4
G,D,8,2
K,Q,8,13
$,F,29,20
D,Y,5,7
P,K,3,6
N,V,5,4
N,Y,10,2
E,V,5,10
K,I,11,9
G,V,6,9
T,G,3,11
S,H,9,3
G,V,4,8
N,P,9,5
Q,G,5,2
P,N,5,9
Y,F,1,9
K,H,7,6
G,Y,3,10
A,A,2,4
F,Q,5,2
P,I,10,8
L,N,13,2
N,G,11,9
I,Y,11,2
K,D,21,1
G,K,5,4
L,F,8,2
P,N,19,1
F,K,2,5
S,N,18,2
E,Y,7,1
A,K,8,4
T,F,9,2
I,G,12,2
S,Q,9,1
$,K,39,1
K,Q,1,4
S,G,13,4
Y,M,8,1
T,L,4,4
G,$,12,3
F,D,3,4
V,Q,7,3
D,Y,6,2
P,A,2,4
F,T,4,2
F,V,7,2
G,L,4,4
$,C,5,2
V,I,11,1
V,K,7,2
G,I,9,2
Q,S,20,1
S,T,7,3
P,N,2,6
S,R,9,4
D,$,14,3
F,P,5,7
V,L,6,2
E,R,3,5
Y,A,2,3
S,L,9,3
I,L,6,2
P,F,5,1
G,R,25,3
$,A,12,17
P,Y,14,1
S,Y,1,1
N,F,3,5
E,D,10,1
L,R,26,2
L,$,174,2
S,A,23,1
Q,T,1,4
T,D,12,4
L,$,205,2
G,H,6,1
P,D,9,1
D,G,7,5
A,H,4,1
N,G,10,1
T,I,7,1
N,A,22,1
A,G,14,3
I,H,11,1
E,S,3,2
G,H,8,1
A,Q,15,2
P,P,8,2
H,F,12,1
Y,L,4,4
D,K,4,7
E,G,11,2
Y,N,1,4
S,H,5,1
Q,L,5,1
R,A,1,6
N,R,1,4
N,Y,12,4
N,T,9,1
L,P,11,1
I,$,187,1
$,G,18,5
A,Y,7,2
I,P,3,2
S,E,10,1
L,P,13,3
V,$,244,1
K,D,8,2
L,E,44,1
F,D,1,10
S,G,11,1
K,A,9,3
Y,E,42,2
S,I,1,5
F,E,7,1
H,L,41,1
L,I,7,3
P,S,20,1
N,N,9,5
N,P,2,5
F,$,5,12
C,N,8,2
S,N,10,1
N,V,7,5
W,L,1,1
N,Q,12,1
$,I,7,3
A,S,9,1
K,R,1,7
A,N,5,6
D,A,4,6
H,S,12,4
I,Q,2,1
K,S,13,2
E,W,12,1
K,V,14,2
A,H,7,7
K,S,11,1
Y,E,14,3
S,V,10,2
D,P,14,1
H,S,10,1
K,E,13,4
V,H,8,3
W,W,11,1
Y,V,3,2
D,H,5,3
D,E,2,5
S,V,12,1
S,C,5,2
A,K,5,4
R,H,16,1
W,S,10,1
K,K,19,1
G,R,24,1
S,C,1,1
D,W,5,4
I,E,8,3
T,C,8,2
N,D,5,4
P,$,6,3
$,K,15,3
H,T,4,5
T,E,17,3
$,K,9,3
A,Q,11,4
G,K,1,20
C,F,7,1
S,D,9,4
K,$,11,11
$,F,14,5
$,F,20,4
T,S,18,1
V,$,16,3
I,S,6,4
A,P,7,12
V,G,4,3
S,F,4,6
$,D,13,2
H,Q,10,3
K,A,6,3
$,P,16,3
F,S,25,2
S,L,7,4
E,$,15,4
R,$,13,8
$,T,23,2
H,G,19,1
S,F,5,5
F,$,15,3
E,N,8,4
S,D,2,6
K,P,4,5
$,F,19,2
G,S,16,1
D,C,10,1
F,A,1,8
$,A,10,3
H,S,5,2
V,E,5,2
S,$,10,3
D,Q,5,2
L,V,10,3
F,S,20,1
F,$,16,1
A,G,20,1
H,P,6,2
T,V,20,2
T,Q,1,5
$,G,22,1
D,F,1,2
I,P,5,3
K,F,8,1
L,L,24,1
E,E,4,7
T,A,5,5
G,H,12,2
Y,A,10,3
G,E,11,5
G,E,14,1
C,L,3,2
N,E,6,1
R,G,2,6
$,L,10,6
V,Y,3,2
T,Y,1,1
$,I,12,4
V,G,7,9
$,Q,33,2
L,G,10,4
S,H,2,3
G,P,34,3
E,G,22,2
D,W,9,2
K,K,45,2
I,A,23,1
M,A,95,1
F,Y,8,3
$,F,27,1
F,N,77,1
V,T,13,1
R,V,120,1
V,L,52,1
D,R,5,5
T,$,39,4
L,W,19,2
L,K,46,1
I,G,6,2
V,S,19,2
P,R,56,1
F,F,23,1
V,$,6,3
$,E,34,3
L,T,22,1
I,N,41,2
V,N,43,1
G,G,64,1
N,H,17,1
S,$,137,1
G,G,63,1
S,T,10,2
T,L,40,1
$,G,47,2
E,W,34,1
I,V,10,1
P,A,7,4
G,Y,2,9
M,A,6,1
T,S,77,1
F,R,24,1
Y,G,16,2
M,T,7,1
Y,F,113,1
$,N,19,1
R,E,25,1
G,S,9,1
D,V,31,1
S,V,152,1
S,G,15,1
$,V,20,4
L,H,10,1
T,L,6,4
G,V,9,2
L,Q,14,5
P,D,6,1
$,V,21,1
N,S,2,14
T,Q,4,4
T,I,4,4
D,R,4,5
N,G,21,1
P,Q,7,2
$,K,12,1
F,V,2,2
A,S,6,3
C,K,1,3
T,N,6,1
P,H,2,1
W,T,3,1
N,G,15,3
S,L,6,2
N,N,4,4
A,R,6,1
V,L,4,8
N,D,6,5
Q,G,7,1
N,I,6,1
N,P,14,1
A,S,19,3
N,T,14,1
G,G,14,2
$,G,9,3
A,P,3,7
V,T,5,1
A,D,20,1
G,D,7,1
T,D,3,7
K,G,12,3
$,H,21,2
N,Q,5,1
Q,N,15,1
W,S,1,1
V,G,25,1
$,V,10,5
$,G,12,6
G,W,1,1
N,T,4,13
$,L,11,5
$,W,1,2
H,T,10,1
G,F,8,3
W,G,7,4
S,G,14,7
H,H,2,2
S,I,24,2
H,L,9,1
$,W,3,2
G,F,5,3
Y,G,3,4
E,Q,2,5
D,S,12,1
N,M,12,2
Q,M,7,1
A,F,9,3
N,P,6,3
L,D,18,2
A,L,5,6
R,F,23,2
N,M,6,3
N,P,5,6
Q,T,6,2
F,N,9,3
S,T,13,2
T,P,7,2
L,Q,15,1
A,P,10,1
L,A,28,1
S,I,9,3
L,Y,8,6
T,G,7,2
Q,K,5,2
G,$,10,4
L,F,4,5
$,L,58,1
A,C,23,2
G,L,31,3
P,T,5,5
G,V,11,1
S,V,7,4
A,P,23,1
A,F,26,1
D,R,31,1
I,F,4,3
W,T,1,3
T,T,6,5
T,E,14,1
F,T,1,6
S,$,41,1
$,V,50,1
F,C,16,2
Q,P,28,2
T,R,4,2
E,N,5,2
N,R,2,2
K,V,4,1
M,P,5,4
D,V,28,1
L,V,15,2
V,A,24,2
G,R,28,1
P,G,7,3
K,T,7,3
V,$,67,2
$,S,49,1
V,S,4,6
I,K,3,2
I,V,9,1
K,$,75,1
S,V,5,2
P,V,2,4
K,C,18,2
V,W,8,3
$,C,14,1
N,L,23,1
$,C,35,1
Q,F,13,1
E,P,4,4
G,W,10,2
W,N,14,1
P,N,4,4
N,C,20,1
W,N,13,2
T,N,5,2
A,R,7,2
E,M,1,2
D,V,5,3
V,$,72,1
A,C,19,1
W,T,14,1
P,R,3,5
E,K,3,9
$,V,31,1
S,N,13,1
V,V,54,1
G,A,4,5
Y,S,17,1
D,H,18,1
H,H,1,2
G,P,7,1
G,$,45,1
$,$,208,7
$,P,21,1
K,V,3,6
G,D,25,1
I,D,36,1
R,$,40,1
$,Y,40,3
D,Q,2,14
T,L,29,1
$,D,39,1
T,$,58,3
$,H,18,2
L,R,13,2
F,F,13,3
Y,$,24,1
R,R,11,2
S,P,4,5
P,D,1,4
$,L,43,2
I,$,60,1
$,N,16,1
L,$,46,1
R,Y,13,2
F,$,58,2
R,T,5,11
I,F,5,2
Q,A,4,3
F,L,2,1
C,P,36,3
P,L,22,1
G,V,12,3
P,T,13,6
M,M,10,1
S,T,6,4
V,T,81,2
P,M,24,1
M,Q,5,5
S,T,82,1
T,$,22,2
T,P,35,1
V,L,20,1
S,T,12,1
M,P,6,2
C,R,6,2
Y,$,25,1
$,P,46,1
K,R,9,2
I,Y,84,1
F,Q,26,1
K,G,8,4
P,$,43,1
$,M,31,1
Q,A,3,3
C,V,2,5
F,P,9,1
V,$,10,4
$,P,28,1
$,D,7,7
A,D,10,3
M,N,1,1
$,L,26,1
C,R,4,1
$,T,16,2
A,$,14,2
Y,F,9,1
T,F,7,5
R,A,7,4
V,A,12,1
$,V,11,8
$,G,16,2
L,V,14,1
W,V,10,1
L,$,16,22
L,G,30,1
D,$,33,4
G,G,28,1
P,S,3,2
L,$,58,3
F,A,12,2
R,$,9,8
I,L,11,1
Q,$,33,2
T,C,4,2
$,K,11,1
T,I,1,6
H,$,12,1
$,T,24,1
L,A,2,11
Y,T,3,6
N,P,1,9
A,K,4,7
G,I,11,1
Q,D,1,4
$,T,44,4
T,F,4,2
I,Q,14,3
$,L,31,1
L,I,6,4
R,D,10,4
E,I,19,1
V,L,2,3
I,S,23,3
S,N,5,4
R,P,1,11
$,S,30,2
$,I,46,1
K,D,11,3
T,Y,8,3
$,D,63,1
L,N,6,7
S,K,9,3
I,R,2,6
Y,P,13,2
Y,M,5,2
A,A,4,6
D,V,21,1
L,N,2,14
N,L,8,1
R,R,12,1
S,E,3,4
$,I,43,1
E,D,13,1
I,A,5,5
L,E,7,5
I,E,1,6
$,R,62,1
S,R,13,3
M,N,3,2
Q,L,2,3
S,P,12,2
S,V,9,1
G,K,15,1
H,E,44,2
I,V,43,1
D,$,26,4
H,Q,23,1
L,E,16,3
S,V,3,6
H,D,7,3
V,A,4,5
I,A,27,2
G,G,17,3
S,A,9,4
I,I,36,1
M,A,2,1
L,Q,24,1
T,I,51,1
R,S,6,1
P,R,26,1
S,F,21,1
$,C,15,3
F,R,8,8
K,L,4,1
Y,P,5,3
L,G,14,2
Q,G,6,1
A,A,3,9
G,E,41,1
V,N,4,2
E,G,13,1
C,L,40,1
Q,K,2,2
G,M,2,2
F,H,4,2
G,C,7,2
C,W,4,1
Q,L,4,3
G,A,56,1
H,D,8,2
W,$,12,6
T,A,16,6
Q,A,39,2
V,S,208,1
N,R,54,1
L,F,46,3
E,P,41,1
V,V,56,1
M,V,1,1
V,V,30,1
W,Q,13,3
N,A,97,1
L,$,52,1
$,Y,41,1
Q,T,40,4
A,I,41,2
G,G,47,1
E,P,28,2
M,R,46,2
Q,F,35,1
$,$,475,2
V,G,77,1
D,G,76,1
N,S,31,4
F,R,66,1
E,R,9,3
N,T,39,1
A,S,16,2
L,N,28,1
G,N,27,2
T,G,8,8
E,R,26,8
H,Q,48,1
L,Q,23,2
Q,G,17,1
Y,G,4,2
T,S,17,1
T,V,2,4
G,A,29,2
T,D,10,4
N,S,44,2
Y,A,42,2
L,S,24,3
R,$,11,4
N,N,13,4
E,I,13,5
L,Y,5,4
N,N,26,1
W,Y,6,3
Y,F,4,2
F,W,3,1
S,V,36,1
S,Q,4,2
N,Y,14,1
Y,G,5,1
E,N,48,1
A,S,20,4
F,N,8,6
E,V,2,6
G,K,21,2
P,P,44,1
Y,Y,52,1
V,R,3,1
D,V,34,3
L,G,12,8
Q,S,8,3
F,L,8,1
V,A,43,1
G,P,48,1
A,N,44,1
G,V,28,4
E,W,17,1
E,S,18,1
S,Q,38,3
T,Q,24,1
P,$,4,10
R,T,32,1
L,T,46,1
D,T,57,1
M,L,62,1
P,G,15,5
F,$,132,1
E,G,10,6
Q,N,14,3
T,Y,4,4
L,V,29,1
E,S,17,5
N,S,7,3
T,N,3,2
F,T,13,2
L,P,45,1
Y,I,60,1
V,W,31,1
F,Q,65,1
G,S,31,1
F,L,10,2
P,Q,8,1
F,S,4,2
L,S,16,1
V,Q,40,1
S,N,6,3
N,A,28,2
V,V,38,3
Q,N,12,1
E,S,20,14
G,A,41,2
L,S,17,1
D,Q,41,1
$,K,14,9
H,G,32,1
V,T,44,1
H,G,44,1
D,S,25,3
G,F,34,1
W,P,12,1
L,R,25,1
E,G,39,1
V,T,55,1
F,V,35,1
N,D,23,1
I,R,52,1
L,N,42,1
L,A,47,1
G,G,84,1
F,G,77,1
G,S,30,1
F,S,9,4
F,R,53,1
H,$,8,2
E,N,21,2
E,G,14,4
N,V,27,1
V,P,28,1
Q,N,24,1
A,G,42,1
E,L,11,1
N,S,19,1
Y,Q,39,1
$,R,73,1
K,E,9,3
V,N,14,2
E,W,1,1
M,L,31,1
Q,I,5,1
V,S,62,1
S,I,44,1
T,V,7,2
D,$,40,1
$,P,6,11
L,K,61,1
L,V,25,2
H,S,4,2
K,L,21,1
A,V,7,1
G,R,11,1
D,T,6,6
D,$,38,1
$,C,71,1
V,E,3,10
H,Y,1,2
R,N,4,3
V,H,16,2
$,E,89,1
S,V,25,2
A,F,10,2
I,E,15,2
Y,H,10,1
D,Y,3,1
F,$,52,2
L,F,67,1
H,V,27,1
C,S,8,4
A,T,61,1
G,$,36,2
P,I,47,2
L,L,25,3
C,P,4,3
A,P,11,3
G,H,7,1
I,T,3,4
V,E,68,1
R,V,28,1
E,I,6,6
C,P,5,2
L,T,7,3
A,S,8,1
G,E,6,8
E,I,4,5
H,T,18,1
E,S,5,1
V,V,5,4
T,L,5,1
F,D,4,4
Q,F,3,1
G,K,6,2
T,M,4,1
T,Y,10,1
$,K,26,5
A,R,22,3
A,C,6,7
G,L,18,2
C,A,12,2
E,Y,23,1
H,T,6,5
S,S,8,7
Y,R,28,2
G,$,23,6
$,I,17,3
A,R,23,2
F,P,12,2
K,G,33,1
V,A,11,3
P,V,15,1
M,I,15,1
S,Q,34,1
W,K,3,3
S,$,28,1
Q,P,6,1
P,T,9,2
V,P,7,2
G,C,6,1
V,H,11,1
C,K,3,2
K,S,23,1
R,V,20,3
P,V,19,1
K,T,22,1
K,P,5,2
Y,L,3,1
A,A,10,1
A,T,18,2
L,F,14,1
D,L,20,5
R,A,18,2
N,T,45,1
V,T,18,3
R,$,60,2
$,N,69,1
V,L,16,3
C,V,5,1
I,T,14,1
L,A,25,2
C,R,13,1
G,Q,9,1
C,$,25,2
$,R,54,1
Q,G,15,2
Q,G,2,10
E,T,62,1
G,$,61,5
$,F,92,2
D,S,21,3
G,C,19,1
V,M,16,2
Y,E,24,1
$,G,27,5
S,R,19,2
A,I,7,3
L,K,16,1
D,G,16,1
V,A,16,2
E,T,36,1
P,V,22,2
G,A,6,2
K,L,8,5
$,V,102,1
R,L,21,1
P,C,12,1
A,T,10,5
Y,Y,25,1
E,R,20,3
L,G,17,3
E,C,11,3
L,T,9,5
P,A,18,2
C,I,13,1
P,G,35,2
A,E,19,1
N,C,1,4
V,N,15,1
I,V,17,1
P,M,1,4
M,T,19,1
C,Q,34,1
$,P,24,2
A,N,21,1
Q,F,7,1
D,T,14,1
L,E,13,1
L,C,9,1
L,T,2,2
T,E,11,1
T,A,3,2
Q,E,2,2
C,W,5,2
A,$,56,1
E,Q,12,1
$,P,91,1
K,L,22,1
C,P,6,1
L,T,13,1
E,T,40,1
W,A,8,2
A,P,26,1
K,L,31,2
I,C,10,2
L,T,35,1
T,A,36,1
S,L,25,1
Y,$,62,1
S,H,11,1
P,P,4,3
N,L,9,2
S,I,45,1
$,S,77,2
V,K,8,2
S,F,22,1
T,S,3,2
R,$,32,1
N,N,63,1
S,F,17,2
Q,I,7,1
D,A,11,1
S,$,31,1
N,L,60,1
L,K,2,12
D,$,30,4
I,S,63,1
I,G,11,4
S,S,19,2
T,$,37,2
I,N,64,1
V,D,9,3
C,A,1,2
S,T,30,1
I,D,86,1
K,$,38,1
F,M,29,1
V,$,55,1
Y,N,29,1
G,Q,19,3
V,$,20,4
Y,S,26,1
P,E,2,7
Y,I,30,1
T,F,6,3
G,$,15,1
$,F,6,6
D,D,6,5
T,I,32,1
E,G,15,1
P,V,17,1
L,G,20,2
R,$,12,1
S,N,3,3
G,D,5,8
T,N,29,1
P,Q,18,1
$,E,53,1
A,T,1,4
G,P,20,3
L,W,17,1
D,H,21,1
E,P,44,1
E,L,5,5
C,I,14,1
I,$,81,1
$,L,40,2
W,V,33,2
E,D,11,2
F,G,7,2
G,N,5,2
A,F,4,4
V,G,8,3
A,$,68,2
G,D,10,4
G,E,9,1
G,P,21,1
D,E,12,3
G,A,5,7
V,Y,4,2
R,$,71,1
D,I,132,2
D,I,36,1
G,I,39,1
G,Q,15,1
L,I,12,1
E,P,124,1
W,D,1,3
D,Q,3,6
$,H,3,3
L,K,4,4
E,I,27,1
S,D,74,2
E,V,8,1
Y,E,5,2
L,K,24,2
E,$,16,4
$,L,18,1
M,T,16,1
T,T,9,2
Q,K,30,1
H,K,34,1
Q,I,60,1
$,I,59,3
I,G,35,2
H,I,47,1
N,P,12,2
G,M,4,1
Q,N,68,1
E,$,128,1
A,G,33,1
N,V,3,4
G,G,6,7
T,$,82,2
A,C,37,1
V,V,29,1
$,E,167,1
Q,V,5,1
H,C,1,4
F,P,6,4
D,$,154,1
R,N,17,3
T,L,15,1
G,N,13,2
C,V,20,1
S,$,76,1
R,T,22,1
V,V,1,13
F,V,5,5
F,Q,4,2
R,H,23,2
R,V,29,1
K,V,7,3
L,V,5,1
T,H,24,1
A,I,6,2
D,Q,1,21
F,G,8,4
T,V,17,1
R,N,2,7
K,V,5,3
L,Q,3,17
F,P,17,6
F,G,9,3
T,Q,20,1
V,T,21,2
K,F,9,3
D,E,6,5
W,P,6,2
S,Y,12,1
K,V,2,4
N,G,50,1
K,$,19,4
C,V,4,2
L,I,8,3
V,N,16,1
F,K,13,1
S,A,18,1
S,A,53,1
A,$,22,1
T,H,22,1
V,P,2,4
A,H,39,2
I,T,5,7
V,H,20,1
R,P,24,1
H,T,20,1
C,Y,13,1
I,G,51,1
P,D,18,1
D,$,17,4
K,I,7,1
A,I,1,1
F,V,9,1
I,Q,1,1
$,G,35,1
G,P,44,1
T,V,3,3
E,T,6,1
P,$,81,1
L,D,6,2
T,V,22,7
P,P,40,1
A,D,17,1
W,S,14,5
T,K,23,12
Q,A,55,3
V,T,14,4
R,L,8,3
G,T,6,4
L,A,54,7
P,A,6,2
A,V,18,6
A,D,22,3
S,R,3,7
T,P,12,2
R,D,21,1
G,W,72,1
P,A,5,3
N,C,13,1
L,W,55,2
T,D,15,2
W,D,16,1
P,I,6,2
E,A,58,1
T,T,13,2
W,L,13,1
P,L,44,2
L,A,21,2
R,P,11,1
S,D,23,1
T,T,24,1
S,S,21,1
$,G,7,1
F,L,16,5
$,I,5,7
S,L,10,1
P,V,21,1
F,P,35,1
R,T,8,3
T,G,14,3
I,W,57,1
V,E,18,1
V,S,16,1
G,L,45,2
E,P,2,3
G,S,15,1
R,G,13,1
V,D,16,4
$,P,9,6
T,A,6,3
$,V,44,2
R,V,38,2
M,R,8,2
N,K,8,2
P,D,16,2
R,W,9,2
$,V,45,1
N,L,5,2
A,Q,7,2
R,V,37,1
M,S,9,1
H,N,8,1
Y,V,8,1
A,D,16,1
E,A,5,5
R,W,10,1
T,A,20,1
$,$,759,2
$,$,561,1
$,L,56,1
S,L,4,3
L,C,17,1
N,G,6,4
V,K,14,1
D,S,14,1
C,$,195,1
$,C,43,2
C,$,262,1
S,$,283,1
$,N,53,1
W,$,142,1
$,P,15,4
I,H,23,1
N,I,2,5
S,L,5,2
N,$,108,1
$,E,21,13
P,A,13,1
L,R,7,2
R,P,9,2
L,$,18,3
E,F,6,1
Q,R,10,1
V,Y,11,1
$,R,20,9
V,$,38,6
I,D,10,3
L,N,7,1
R,E,2,6
N,D,7,1
N,F,7,2
P,$,39,1
K,E,4,4
L,$,42,1
D,D,16,1
S,L,11,2
E,P,5,4
I,N,1,7
E,L,9,1
L,A,4,2
C,R,1,3
N,S,20,2
P,D,2,3
M,$,13,3
A,I,21,1
R,R,3,2
M,L,21,1
Y,$,47,1
D,S,16,1
D,R,25,1
K,M,36,2
K,$,61,1
M,I,24,1
S,$,62,1
$,L,14,3
N,N,5,4
G,F,4,1
P,$,80,1
N,A,1,14
E,D,5,1
G,K,8,4
A,L,16,4
P,$,24,1
Y,E,6,2
T,L,17,1
H,$,9,3
$,S,18,9
R,F,41,1
$,S,12,5
S,I,4,2
G,Y,4,1
C,K,16,1
H,$,2,13
V,I,3,6
T,V,5,3
T,R,5,5
G,H,3,3
H,V,17,1
I,L,26,1
P,A,12,1
F,W,17,1
Y,I,11,3
$,L,36,3
V,M,4,1
G,D,4,6
D,G,17,1
C,L,18,1
P,T,6,1
D,K,19,1
C,I,22,1
P,E,9,1
V,W,16,1
$,T,59,1
Y,A,5,1
S,R,11,1
Y,C,9,1
K,G,10,3
I,R,4,4
E,$,11,6
K,M,1,3
V,G,13,1
M,M,2,2
S,D,16,2
P,V,3,7
N,E,7,1
M,D,3,3
P,I,1,8
H,E,3,1
L,L,13,2
K,Y,11,2
$,I,1,23
P,I,4,1
V,G,23,3
W,Y,1,1
Q,C,7,1
G,G,22,4
D,E,5,6
E,$,9,11
D,F,7,2
E,Y,4,1
Y,E,2,3
D,D,11,1
E,A,2,4
G,V,21,1
L,D,3,7
I,A,4,9
A,H,3,1
E,C,6,1
D,P,4,5
Y,C,4,1
K,Q,6,1
A,K,9,1
S,$,24,3
A,A,7,2
L,M,2,4
L,D,5,5
F,A,16,2
Q,T,5,1
N,E,11,2
$,E,35,2
G,L,22,3
P,A,28,2
A,L,19,2
$,P,34,5
D,A,46,1
W,T,22,1
T,V,53,1
L,K,35,1
$,H,1,3
A,H,1,2
C,L,2,2
Y,F,19,1
A,E,9,2
R,A,15,1
N,D,2,1
A,$,15,7
Y,L,25,1
Y,S,24,1
M,$,18,2
S,P,22,2
C,D,7,1
I,E,7,4
E,I,1,1
S,A,16,2
N,G,7,3
S,G,16,3
E,P,8,3
C,$,5,3
E,H,2,3
L,F,9,4
I,D,8,1
E,L,15,2
G,D,14,4
E,K,14,1
H,L,14,1
L,E,21,1
I,P,6,3
D,D,14,1
D,K,8,1
H,K,11,1
T,N,17,1
E,K,12,3
M,Q,16,1
F,D,12,2
P,V,8,1
G,P,12,6
F,G,11,2
R,H,3,1
I,N,5,3
C,G,17,1
E,I,2,2
R,L,11,5
G,G,12,3
P,P,12,1
$,V,3,14
A,T,9,5
R,I,6,3
T,A,157,2
L,M,17,2
L,$,57,1
F,H,14,1
R,Y,3,2
T,F,14,1
E,G,35,2
M,G,35,2
D,A,13,2
I,R,3,2
I,N,3,3
A,F,36,1
T,A,133,1
V,A,17,1
V,V,68,1
G,V,17,3
G,G,36,1
K,H,14,1
L,A,14,5
Y,A,3,3
H,P,14,2
K,V,124,2
L,M,6,2
K,$,48,2
T,R,17,1
R,P,34,1
I,H,4,1
H,F,17,1
T,V,129,1
V,P,11,2
G,S,44,2
H,F,7,1
E,V,128,1
F,M,3,1
I,M,1,1
F,$,39,1
H,V,18,1
I,N,139,1
W,R,12,1
G,$,60,1
G,V,20,1
A,A,15,3
M,$,50,1
T,V,18,1
T,L,135,1
G,H,24,1
T,D,4,4
N,D,9,1
G,C,13,1
V,D,7,2
E,L,7,4
D,A,33,1
L,A,34,1
R,$,36,4
E,N,6,3
A,Y,2,3
S,$,72,1
P,$,84,1
V,A,8,1
A,L,14,2
S,I,34,1
S,$,33,2
H,Y,2,3
S,K,3,6
T,A,4,2
S,$,18,6
Q,M,5,2
G,E,7,2
W,M,7,2
V,$,26,2
T,S,9,2
W,$,43,1
G,D,12,4
V,V,25,1
I,P,4,4
F,T,7,3
N,R,33,1
C,G,7,2
S,D,12,1
Y,R,16,1
L,E,22,1
G,Q,17,2
V,R,34,1
G,F,9,3
N,R,26,1
T,P,4,1
I,W,1,3
P,C,6,1
N,W,22,1
P,F,8,1
V,H,22,1
N,D,24,1
Q,K,7,2
P,H,10,1
P,F,1,5
F,T,14,5
V,$,12,2
V,I,23,1
V,R,16,2
$,N,20,2
P,G,11,1
A,R,15,1
P,T,16,3
C,G,10,2
P,C,4,2
P,L,9,2
A,A,24,1
A,L,29,1
M,L,10,1
F,R,15,1
V,I,2,3
M,S,7,2
F,G,13,1
A,C,5,1
P,I,5,3
M,I,6,1
A,L,21,1
L,T,16,1
P,L,5,3
C,I,7,1
K,K,7,1
T,S,39,1
C,L,1,2
V,F,39,1
E,K,5,6
I,D,35,1
G,N,20,1
V,V,7,1
A,F,8,1
D,D,38,1
E,A,1,4
K,F,40,1
H,T,21,2
M,E,8,1
M,K,11,1
W,G,24,1
$,P,38,2
Y,S,27,1
Q,$,31,1
Q,D,2,3
P,R,15,1
H,A,1,18
Q,T,11,2
P,$,22,8
W,S,3,1
Q,D,14,1
R,K,3,2
D,$,13,4
D,$,20,2
$,Y,7,4
V,A,1,5
L,I,5,1
Q,T,12,1
G,L,3,7
Q,V,13,1
K,F,5,1
D,$,15,4
R,P,19,1
R,Q,9,2
A,Q,4,4
P,F,14,1
N,P,13,3
Q,A,15,1
G,V,7,1
R,I,3,2
E,G,28,1
N,I,25,2
$,N,75,7
G,G,15,7
I,V,16,1
I,L,89,1
A,T,63,2
$,Y,59,2
F,F,11,2
Y,Q,86,1
L,I,23,3
S,C,4,7
C,$,23,5
$,I,66,1
K,Y,5,2
I,I,14,3
L,L,76,1
A,N,59,1
$,S,54,1
L,Y,2,4
F,I,13,2
E,S,87,1
L,T,34,1
$,E,56,1
N,Y,13,1
F,S,88,1
Y,S,51,1
$,T,84,1
E,T,199,1
$,I,104,1
D,Y,113,1
L,S,47,5
C,$,24,22
E,P,79,1
M,G,44,1
A,G,28,1
V,T,31,1
P,T,7,1
$,Q,55,2
E,G,128,1
A,L,24,3
A,Q,26,1
G,G,127,1
$,G,73,3
I,E,32,2
C,L,48,1
R,S,38,1
A,G,12,2
Y,S,172,1
V,N,28,2
C,T,13,1
G,G,20,2
V,S,50,1
C,L,14,1
S,G,17,1
I,I,26,1
L,S,77,1
D,M,50,2
Q,N,5,1
S,T,8,2
$,T,77,1
N,P,58,1
M,S,43,1
V,G,31,1
$,Y,74,2
E,V,35,1
I,K,88,2
H,I,13,1
V,G,112,1
A,C,60,1
E,K,34,1
I,M,144,1
A,Y,10,1
A,G,22,1
N,H,11,1
F,L,87,1
L,Q,25,1
E,K,89,1
Q,T,27,1
E,K,129,1
$,$,323,1
$,G,76,1
R,V,21,1
S,L,50,1
$,D,61,1
Y,G,21,1
I,I,10,1
Y,S,89,1
G,A,58,1
L,L,6,5
V,E,19,1
I,R,9,1
K,$,84,1
G,N,9,3
F,G,15,1
L,G,11,1
V,Y,5,8
S,G,7,3
S,G,21,4
T,C,9,1
G,D,13,2
A,D,15,2
$,W,7,1
D,N,34,1
Y,I,52,1
W,G,3,2
N,C,17,1
D,I,7,1
R,D,14,3
R,G,20,1
G,S,7,2
Y,D,12,4
A,G,13,3
N,L,2,8
T,G,44,1
V,A,5,3
M,N,7,1
V,L,1,2
Y,L,21,1
A,D,29,2
K,M,63,1
A,I,16,3
Y,K,6,1
Y,V,6,2
P,L,13,2
S,$,59,2
$,N,18,3
K,N,85,1
$,P,14,1
G,N,33,1
D,G,13,4
L,I,24,2
S,I,8,1
Y,R,6,2
V,T,6,3
N,V,9,1
$,H,34,2
K,L,9,2
H,K,3,6
G,A,9,2
I,P,2,1
P,A,8,2
T,F,21,1
T,I,2,3
Y,S,53,1
I,P,14,2
P,$,5,5
F,T,11,1
L,Y,21,2
R,S,12,1
P,V,6,2
D,A,10,1
T,V,21,1
Y,C,53,1
I,P,11,2
$,K,4,10
E,F,9,1
L,I,13,3
I,W,4,1
L,N,4,4
$,L,9,2
H,Y,3,7
Y,$,9,3
G,N,12,1
E,F,7,3
P,L,10,1
I,P,1,9
E,C,9,2
A,C,10,1
P,L,8,1
F,V,15,1
D,Q,4,5
F,Y,27,1
C,N,22,1
H,Q,3,2
$,Y,64,1
K,Q,4,1
V,E,56,1
$,D,14,2
D,E,32,1
Y,L,13,3
N,$,21,5
S,R,2,3
Q,R,25,2
A,T,34,1
Y,L,19,2
E,$,21,1
D,C,1,16
F,V,1,9
Y,L,2,1
R,C,3,4
I,R,1,10
Y,F,8,2
F,K,5,3
T,F,5,2
$,N,21,6
F,C,8,2
F,F,12,1
H,Q,1,5
P,F,4,4
$,Q,35,1
Q,H,15,1
L,E,4,2
K,C,2,2
F,D,14,1
$,V,23,2
F,A,18,1
G,$,22,3
Q,F,4,2
$,D,15,3
G,I,21,1
T,F,2,2
S,P,13,3
C,Y,1,3
C,P,15,2
W,D,2,4
K,I,1,4
K,$,18,2
$,T,11,6
E,I,26,2
K,F,26,1
$,S,14,1
C,N,10,1
T,R,18,1
$,A,15,9
F,L,4,1
C,K,14,1
L,R,17,1
F,V,14,1
E,T,16,1
Y,K,13,1
I,D,11,1
M,I,2,1
L,A,16,1
P,K,17,4
Y,$,51,2
$,D,88,1
S,D,15,1
P,Y,20,1
D,$,50,4
$,L,92,1
I,A,8,4
F,A,34,1
$,Y,85,1
F,N,33,1
Y,L,8,1
R,$,35,1
$,K,83,1
C,K,18,1
N,$,52,3
E,T,11,1
$,L,79,1
S,P,14,1
E,$,36,2
$,E,86,2
C,S,19,1
R,W,3,2
$,T,115,1
K,S,20,1
N,V,12,2
$,A,78,1
T,C,14,1
$,G,82,1
F,D,26,1
P,S,18,1
Q,W,10,1
$,Y,69,1
S,N,46,1
R,H,40,1
Y,T,12,1
T,D,17,1
Q,R,6,2
D,D,5,4
$,E,59,1
I,I,3,2
A,G,7,8
W,L,27,1
V,E,8,1
V,$,23,2
$,N,29,1
G,E,15,1
K,C,24,1
V,T,7,4
F,G,2,6
Y,V,144,1
R,$,56,1
E,S,58,2
E,L,30,1
D,I,27,1
D,F,8,1
E,D,17,1
M,L,53,1
G,K,7,5
T,D,19,2
N,M,37,1
K,N,14,2
R,Y,31,1
D,D,15,4
$,C,1,6
T,V,149,1
L,W,2,2
$,L,70,3
K,V,85,1
$,R,162,1
E,V,15,2
T,M,120,1
C,V,9,1
G,H,5,1
V,F,9,2
I,V,67,1
I,T,25,1
R,R,30,1
Y,E,56,1
I,Y,28,1
D,R,26,1
$,M,158,1
L,F,6,4
I,V,39,1
V,R,60,1
E,V,141,1
I,I,18,1
W,S,36,1
V,L,23,1
V,V,62,1
I,V,8,2
D,P,26,1
N,V,83,1
M,$,80,1
V,E,26,1
A,D,37,2
I,$,13,1
I,L,9,4
E,E,28,3
V,A,27,4
Q,R,16,2
A,$,12,5
Q,E,27,2
V,I,9,4
A,$,55,1
K,R,6,1
T,D,8,3
E,A,36,2
V,D,26,1
V,Y,9,2
V,A,28,1
T,Y,12,1
F,Y,3,2
E,V,31,1
E,A,38,1
S,C,31,1
E,L,25,3
A,$,76,1
$,G,4,4
V,R,23,2
S,$,37,3
I,D,16,1
T,R,24,1
G,D,2,5
K,G,24,3
Q,Y,8,1
P,A,25,3
W,L,8,2
V,V,14,2
M,Y,9,1
A,G,25,2
I,H,2,1
A,V,13,1
T,A,15,1
A,V,12,2
L,C,7,1
T,Y,18,2
P,V,30,1
T,H,19,1
G,G,21,2
N,$,8,3
$,C,19,5
E,E,20,1
C,A,7,2
Y,L,24,2
L,T,12,2
V,S,24,3
K,D,22,3
Q,I,2,6
C,L,33,1
P,N,40,2
R,V,11,1
Y,K,1,5
C,M,2,2
M,A,4,1
Y,R,23,1
L,H,9,1
G,L,12,1
L,D,20,1
C,R,32,1
T,H,11,1
I,P,16,1
C,V,34,2
G,E,21,2
P,R,37,1
$,D,6,10
S,V,8,1
D,P,8,1
D,Y,7,2
K,I,20,2
G,I,8,1
P,T,8,1
G,I,20,2
Q,T,10,8
$,R,35,4
Q,N,9,2
G,G,19,1
Q,E,11,2
$,F,32,3
$,A,31,1
G,K,13,2
T,N,15,1
Y,K,10,1
V,C,3,2
F,$,33,2
V,$,43,3
Y,Y,1,1
G,D,23,1
Y,S,6,1
I,$,34,1
P,L,25,1
G,$,18,2
$,V,42,2
E,S,22,1
E,I,5,1
A,M,15,2
C,$,22,2
L,Y,20,2
R,R,18,1
P,Y,9,1
D,$,24,3
$,F,41,2
E,I,24,2
K,I,22,2
A,$,27,3
M,V,23,1
I,I,7,3
$,A,22,2
M,F,13,1
R,V,1,5
L,D,19,1
L,I,26,2
K,T,1,12
E,Y,21,1
$,Q,23,1
I,V,11,3
L,I,33,1
D,M,1,3
Y,V,2,6
R,F,8,1
I,R,22,1
M,A,17,1
L,I,20,1
$,E,28,2
R,M,5,1
K,D,10,2
I,S,11,1
P,H,8,2
T,H,3,1
Q,S,13,1
L,W,5,2
Q,D,5,2
V,Q,5,3
L,V,12,1
G,V,39,3
S,T,15,1
G,A,36,6
M,L,11,3
H,T,16,3
L,W,10,8
G,E,34,4
N,I,12,3
D,Y,50,1
L,F,10,6
L,R,9,5
L,A,42,1
$,R,6,7
H,Y,7,2
G,Q,33,1
Y,D,1,10
G,N,37,3
$,A,8,4
A,R,8,3
S,R,7,2
L,P,8,1
M,Q,7,1
T,R,10,4
R,E,11,1
L,Y,10,3
R,A,38,1
T,L,44,1
R,D,6,1
H,E,9,1
$,E,24,2
M,I,10,1
N,P,8,1
N,Q,9,4
N,P,10,2
R,K,7,2
G,T,17,1
A,$,24,1
E,Q,1,6
E,Y,8,1
E,P,7,1
A,Y,9,1
E,N,42,1
E,S,9,1
A,W,7,1
G,T,72,1
P,Y,21,1
I,K,4,1
V,$,213,1
$,D,42,1
N,A,14,2
G,V,10,6
A,N,7,10
D,F,10,2
K,I,4,1
S,T,34,1
$,K,31,8
Y,A,36,3
H,G,7,2
R,W,1,4
D,N,9,1
E,R,5,4
Q,H,1,1
L,$,20,1
L,E,15,1
$,A,76,4
S,V,15,1
R,D,8,3
S,H,6,1
A,W,14,1
A,G,9,1
K,R,7,6
V,R,8,2
T,Q,5,2
H,G,6,1
N,$,24,4
$,I,20,2
R,P,5,6
S,K,5,1
I,F,2,4
W,H,1,2
Y,G,11,1
P,Q,3,1
M,T,6,1
Q,Q,12,1
A,D,9,4
Y,F,12,4
Q,L,23,1
V,Q,12,1
$,V,14,5
R,S,22,1
W,F,11,1
N,S,4,2
V,L,7,3
T,$,18,4
$,W,47,2
Q,A,18,1
E,D,12,2
Q,K,8,2
S,G,10,3
V,S,12,1
S,Q,44,1
T,S,20,1
Q,A,10,1
S,G,46,2
F,R,23,2
A,A,37,2
D,G,11,2
S,L,19,3
V,S,22,1
F,F,2,1
H,W,15,1
D,L,27,1
V,P,5,2
L,I,15,2
G,$,21,2
A,W,12,1
D,F,20,1
W,N,1,1
N,T,5,2
$,L,19,1
P,G,12,1
H,A,2,1
D,E,26,1
V,I,6,8
N,T,22,1
S,Y,4,1
W,D,7,1
K,L,5,4
L,K,9,1
E,F,10,2
V,N,23,1
L,Q,11,1
V,A,39,1
A,L,25,2
S,R,10,2
Q,W,30,1
T,Q,6,5
G,A,38,1
H,E,13,1
S,N,11,1
S,G,9,4
A,Q,16,1
S,H,3,1
Y,T,7,1
$,G,32,1
V,M,15,1
H,R,7,1
C,L,19,1
D,V,22,1
Q,M,12,1
R,R,7,2
A,S,35,1
Y,R,5,5
G,L,20,1
Y,V,7,2
G,V,8,4
E,P,6,2
L,L,22,2
N,G,22,1
A,D,8,1
D,D,3,2
S,$,19,1
G,M,24,1
H,Q,41,1
I,W,6,1
D,$,68,1
$,A,30,1
P,S,14,1
L,Y,12,5
T,N,127,1
T,R,41,1
$,Y,50,1
T,R,9,1
G,S,29,6
D,E,24,1
L,D,13,2
I,L,153,1
G,L,57,1
D,V,8,2
$,I,25,5
R,R,29,1
S,E,16,2
S,N,125,1
N,R,38,10
R,S,9,1
H,T,9,4
E,K,77,1
T,P,10,2
P,K,49,1
P,K,141,2
K,C,3,1
N,F,42,1
Y,V,12,1
$,E,49,4
T,E,24,4
P,S,143,2
L,C,1,3
$,P,26,3
P,E,14,2
F,I,10,3
D,N,130,1
V,G,22,4
N,N,39,2
$,D,65,2
S,S,25,2
P,E,22,1
D,P,143,1
D,L,54,1
S,D,10,2
$,D,47,2
D,L,147,1
N,Y,36,1
M,P,1,1
D,I,80,1
I,$,22,1
$,F,52,2
E,D,15,2
N,Q,50,1
C,N,75,1
D,R,42,1
Y,S,2,3
G,W,22,4
T,D,25,1
A,N,118,1
V,K,22,1
G,E,23,1
I,R,6,2
N,L,11,1
Y,G,125,1
$,S,46,1
V,L,17,1
T,S,138,1
L,C,16,1
Y,K,9,1
G,I,31,1
P,D,23,3
D,K,97,1
S,P,39,1
L,D,60,1
N,R,7,2
G,W,30,1
G,E,18,1
S,P,136,1
T,L,23,1
N,L,40,1
$,M,28,2
E,R,11,1
S,S,136,1
L,R,37,1
V,G,9,1
L,K,133,1
$,Q,27,1
E,N,116,1
N,L,17,2
L,S,19,2
S,D,20,1
I,G,156,1
K,N,5,3
S,K,11,2
M,W,24,1
I,C,129,1
F,P,11,1
G,L,9,2
N,L,13,1
D,S,131,1
N,N,49,1
E,R,13,1
P,Y,3,2
D,F,14,1
H,W,1,1
R,Y,91,1
W,V,5,2
G,C,20,1
G,P,22,1
Y,W,5,1
E,I,3,1
F,T,34,1
S,N,8,3
Q,G,20,3
R,R,6,1
Y,N,7,2
T,N,8,5
P,R,8,1
Q,T,23,2
I,E,10,1
S,W,3,3
P,P,9,3
G,H,47,2
Q,A,46,2
L,P,17,3
N,D,16,2
A,R,9,2
V,G,12,2
T,S,30,1
V,V,46,1
Q,E,12,1
D,D,17,1
R,$,25,1
Q,V,98,1
Y,E,4,3
Q,E,108,1
Y,K,5,3
L,M,16,1
M,V,100,1
V,A,10,2
K,S,16,1
E,K,8,1
K,H,4,2
D,T,29,1
V,N,6,3
V,Y,6,1
I,A,7,2
E,G,12,3
M,H,17,1
E,$,20,1
E,D,9,2
L,D,7,2
P,G,17,2
A,Y,21,3
R,N,25,3
F,N,5,3
A,V,20,2
$,P,27,4
D,Q,12,1
F,A,35,1
Q,H,8,1
G,V,23,3
Y,L,33,2
P,R,25,1
V,A,3,4
Q,G,25,2
R,T,41,1
Q,F,1,3
D,A,35,1
G,R,37,1
K,N,26,2
A,Q,3,6
D,R,23,1
V,I,4,3
D,G,21,1
L,A,18,1
T,A,58,1
A,M,256,1
I,G,23,1
R,D,5,1
Q,Y,6,1
L,$,70,1
V,Y,33,1
H,$,45,1
W,E,9,1
S,F,16,1
H,E,2,6
P,K,34,1
V,D,32,1
C,D,22,2
I,F,13,1
W,R,16,1
P,Y,1,5
A,N,68,1
T,N,67,1
C,W,21,1
W,I,14,1
$,L,41,1
P,M,20,1
D,G,28,1
C,K,11,1
D,T,12,3
C,K,28,1
G,D,16,1
I,$,41,1
D,V,14,1
K,D,23,1
T,N,10,2
S,V,6,1
P,C,2,5
K,A,8,2
D,Y,11,2
E,F,2,2
Q,D,4,4
K,Q,3,1
R,F,17,1
N,A,3,5
V,K,10,1
$,E,20,1
V,R,22,1
$,G,43,1
I,H,19,1
S,T,9,5
A,D,19,2
M,I,12,1
I,K,5,3
K,E,26,1
A,$,25,1
I,S,20,2
E,T,12,1
Y,I,13,1
A,N,25,1
D,N,17,1
K,E,27,1
D,$,31,1
$,L,97,1
N,T,42,1
V,S,18,1
E,N,49,1
W,C,6,1
P,M,17,1
V,K,12,3
M,P,46,1
V,$,42,1
$,W,132,1
F,H,44,2
M,A,14,2
S,Q,31,2
R,G,29,2
R,L,44,2
L,$,154,2
M,W,116,1
$,W,4,3
S,W,73,1
H,G,38,1
L,F,1,3
G,C,1,2
Y,I,71,1
K,V,13,1
L,$,149,1
$,E,58,1
T,L,7,1
L,G,9,4
K,T,5,7
G,T,3,3
C,Y,15,1
Y,M,1,3
$,T,35,1
T,A,11,1
Y,A,4,2
C,V,6,1
T,T,10,2
D,A,12,1
$,D,19,2
W,P,14,1
G,A,12,2
Y,S,7,1
I,V,2,9
K,T,6,1
C,C,4,2
T,Y,5,2
A,V,2,1
Y,I,39,1
S,N,17,2
G,R,10,1
F,S,2,3
D,R,9,1
Q,R,2,2
I,N,14,1
V,$,18,1
$,P,44,3
G,$,31,2
$,W,29,1
T,F,10,1
V,E,7,2
V,M,1,3
G,T,10,1
L,N,9,1
$,T,26,1
S,C,6,1
M,G,11,1
V,$,33,1
D,V,7,1
L,L,20,1
F,V,6,4
C,M,9,2
C,P,11,1
G,I,16,1
Q,I,11,1
A,C,4,1
$,$,351,1
$,R,178,1
G,S,21,1
T,M,5,2
I,T,12,1
S,$,34,1
$,D,182,1
G,L,19,1
I,M,24,1
F,D,8,3
I,$,44,1
Y,G,13,2
Q,F,10,2
R,M,7,2
M,D,2,2
K,Y,9,1
V,Y,8,1
P,T,43,1
V,R,11,1
S,G,24,1
V,F,1,3
L,K,18,2
Y,T,8,2
S,$,32,1
S,A,13,2
N,L,7,2
K,S,28,2
W,I,13,2
D,A,37,2
$,I,6,2
A,F,38,1
S,P,26,1
L,I,22,2
I,L,25,1
G,A,11,2
K,N,27,1
T,L,26,1
T,N,12,1
W,S,12,1
F,G,37,1
I,Y,2,7
D,K,34,1
L,N,11,1
T,F,13,2
W,A,3,2
I,K,32,1
$,D,73,1
R,T,17,1
K,G,61,1
Q,G,4,2
K,Y,26,1
M,T,3,1
E,H,10,1
N,$,11,1
T,E,6,4
F,L,14,1
C,P,125,1
F,I,2,3
Q,I,17,1
G,S,14,1
G,L,15,4
P,E,17,2
H,I,2,1
R,Q,3,2
L,F,7,1
Y,Y,126,1
T,I,9,2
Q,T,3,2
P,W,9,1
R,T,11,1
E,C,5,1
C,A,3,3
L,L,9,4
P,I,188,1
T,$,92,1
V,Y,15,1
Y,F,25,1
C,Y,29,1
C,H,14,1
N,$,63,2
V,S,32,1
A,T,28,2
Y,F,17,2
C,F,27,4
F,Q,10,1
C,E,37,1
F,$,57,2
$,A,56,4
Y,T,21,2
K,K,12,1
C,$,104,2
$,A,40,2
L,T,20,6
Y,F,49,1
F,Y,11,2
C,Q,17,1
S,W,15,1
D,$,268,1
V,K,15,1
Y,G,61,1
L,Q,7,3
G,$,74,4
D,T,23,1
T,F,65,2
C,A,16,2
E,$,66,1
E,S,164,1
E,$,59,1
D,K,248,1
D,Y,4,4
C,G,29,1
A,$,61,1
K,L,3,7
D,M,45,1
G,I,6,1
L,F,51,1
D,$,70,1
A,S,10,1
C,T,53,1
L,A,15,1
C,G,31,1
D,H,12,1
Q,$,62,1
$,Y,42,1
F,M,1,2
A,G,27,1
L,E,31,1
A,T,19,1
D,D,137,1
V,S,42,1
Q,$,60,1
A,A,9,1
A,S,108,1
A,Q,29,1
S,A,44,1
V,D,10,2
L,$,69,1
N,F,2,4
E,D,7,1
$,I,9,12
L,H,13,1
V,V,6,5
P,I,2,3
I,G,26,1
G,I,3,2
A,G,16,1
$,L,51,3
$,F,70,1
T,I,34,1
N,F,4,3
S,Y,10,3
T,G,35,1
A,S,14,1
L,S,9,1
$,A,43,3
G,C,3,2
G,N,11,3
K,G,6,4
F,I,20,2
$,E,61,1
A,G,11,3
I,D,5,2
$,Y,47,2
C,E,1,3
$,R,46,1
Y,$,38,1
$,A,63,2
L,Q,1,2
R,G,9,4
M,V,13,1
$,T,49,1
P,W,1,1
M,$,25,2
N,G,19,1
Y,A,22,1
V,$,11,7
W,D,21,1
$,T,65,6
C,P,49,2
W,Q,34,5
C,Q,47,2
P,Q,33,3
F,$,27,4
C,N,50,1
E,Q,40,2
S,$,91,2
F,Y,14,1
L,S,26,1
C,L,20,4
K,$,123,3
C,V,46,1
$,$,204,1
N,W,10,1
L,$,135,3
$,S,118,1
A,N,35,1
$,V,113,2
N,N,34,1
H,$,23,1
$,$,162,1
$,T,91,2
N,C,2,2
W,$,39,1
Q,$,37,1
Y,Y,10,2
R,C,5,4
R,C,4,1
I,Q,5,2
N,C,5,1
T,K,7,2
$,P,7,5
T,C,3,1
$,I,22,1
T,A,7,1
Y,S,5,4
$,C,8,3
S,C,2,1
D,T,5,7
A,K,7,2
V,M,2,2
E,T,4,3
$,E,16,1
L,S,14,3
$,E,14,4
S,S,17,1
$,G,13,1
$,R,16,2
V,D,11,2
I,V,3,1
$,A,35,2
R,I,17,2
I,I,29,2
D,$,57,2
G,H,4,2
K,N,8,2
$,D,49,2
C,G,15,2
F,T,6,4
T,W,2,1
K,H,9,2
N,$,5,4
$,S,17,1
V,H,18,1
P,R,5,3
D,P,7,2
G,Q,11,1
P,$,46,1
D,R,7,5
$,F,18,1
$,T,22,7
I,L,7,4
V,E,22,1
$,S,23,2
S,Q,17,1
V,M,8,1
S,I,11,1
K,K,5,2
Q,R,26,1
V,R,14,1
W,G,2,1
Q,Q,39,3
Q,N,4,2
M,H,2,1
E,D,6,3
$,G,20,1
Q,I,4,3
Q,$,9,3
T,E,8,1
V,S,3,3
G,G,24,1
$,Y,22,1
$,Q,6,5
T,D,9,3
V,P,8,1
E,N,14,1
T,$,11,3
$,T,45,1
Q,Q,4,2
F,Q,2,1
K,Y,15,1
E,D,25,3
T,M,2,4
I,E,4,1
V,F,8,2
L,M,3,2
L,A,12,2
C,K,2,4
E,A,8,1
N,D,10,1
I,T,8,1
F,E,3,1
E,A,26,1
H,T,2,2
L,L,21,1
H,N,39,1
S,I,10,1
D,N,16,1
F,H,1,1
L,N,5,2
C,K,9,1
W,N,2,2
I,Q,3,2
Q,N,8,1
W,K,1,1
H,Y,10,1
N,I,3,1
W,F,3,1
H,P,9,1
G,W,6,1
R,E,9,1
T,S,10,1
S,S,4,3
G,Y,24,3
$,G,48,2
I,Y,25,1
I,Q,4,1
$,D,9,2
L,$,55,1
E,P,16,1
P,P,15,2
Y,T,11,1
L,G,33,1
A,L,13,4
D,M,16,1
I,K,9,3
Y,D,13,1
P,$,27,1
T,S,2,3
N,W,4,2
I,G,13,1
N,W,2,1
Q,I,6,1
I,W,3,1
L,W,7,2
P,S,24,1
L,L,23,2
S,Q,22,1
K,$,80,2
M,L,24,1
F,$,83,1
V,$,85,1
M,$,119,1
V,D,8,1
K,W,17,1
L,D,9,2
V,C,6,1
T,C,7,1
C,H,16,1
L,$,44,1
R,W,6,1
L,Y,32,1
L,$,51,1
L,C,6,1
C,S,15,1
M,Y,5,1
E,L,2,2
I,L,18,1
I,F,7,2
K,M,2,1
D,D,9,1
E,I,66,1
S,$,13,2
E,I,67,1
G,A,23,1
G,T,27,1
G,$,33,1
E,R,25,1
I,L,20,1
M,Q,3,2
S,H,16,1
E,E,22,1
Q,A,1,18
L,P,14,2
S,T,18,1
T,Q,25,1
K,F,25,1
L,E,23,1
L,F,15,1
K,L,23,1
K,G,35,1
N,N,21,1
G,G,11,1
F,W,4,1
N,I,5,1
I,F,1,1
M,W,3,4
I,W,8,1
D,A,2,3
$,T,21,2
H,N,3,4
N,$,93,3
N,G,13,4
N,G,14,1
$,F,9,1
E,S,14,3
I,L,10,1
R,$,24,1
$,G,70,1
$,F,58,1
S,F,8,1
Q,$,6,7
M,S,2,1
$,P,60,1
L,Q,19,1
$,N,7,5
$,V,54,1
$,V,36,2
K,R,18,1
$,D,29,5
T,$,35,1
H,H,4,1
T,K,5,4
I,Q,6,1
I,$,15,2
H,$,3,1
H,R,2,3
F,V,61,2
V,$,22,4
H,L,7,3
$,G,10,5
D,N,4,2
$,R,15,1
R,F,11,2
K,R,10,2
P,P,5,1
L,V,7,2
E,Q,3,1
M,V,7,1
V,$,14,3
M,L,6,1
Q,P,5,1
$,E,33,1
R,V,4,1
T,M,7,2
P,L,19,1
D,G,8,2
C,S,6,6
E,S,13,2
K,$,20,5
I,$,21,4
E,C,3,1
C,E,4,3
E,E,11,1
T,Q,9,1
Q,Q,3,3
P,Q,4,1
M,$,21,1
W,I,9,1
C,$,9,3
A,I,8,5
I,$,6,2
L,W,4,1
Y,D,8,2
N,$,12,2
Y,S,16,1
F,$,17,1
N,L,10,1
A,Q,10,1
R,G,8,1
V,Q,6,3
L,P,10,1
T,D,7,1
Q,$,25,2
T,R,15,1
R,F,1,2
M,C,1,1
E,H,7,1
K,F,2,2
V,$,7,2
K,Y,25,1
Y,E,1,1
$,S,40,2
N,G,30,3
V,D,6,2
D,$,44,1
Q,T,15,1
M,$,45,1
$,T,43,1
A,N,13,1
Q,P,15,1
I,$,45,1
G,S,18,1
A,G,10,1
P,W,6,2
Y,S,15,2
F,$,42,1
L,N,21,1
I,$,76,1
I,$,37,1
K,$,39,1
I,$,38,1
$,R,98,1
A,G,30,1
L,$,21,3
Q,L,3,2
Q,$,42,1
R,F,2,2
N,W,1,1
A,Y,26,1
F,A,2,2
$,E,50,2
$,D,54,1
R,V,8,2
S,W,1,3
M,L,5,2
T,$,30,2
C,Y,9,1
S,V,4,3
P,L,2,3
G,$,17,2
R,V,6,1
T,Q,8,1
Q,$,11,1
N,$,13,1
V,N,10,1
A,D,35,2
I,E,65,2
R,S,23,1
N,A,8,1
P,M,5,1
D,D,60,3
T,H,28,1
V,M,17,1
R,H,52,1
R,E,31,1
F,$,19,1
R,N,35,1
I,H,6,1
$,R,7,4
A,S,22,2
K,E,62,1
A,I,9,1
F,K,6,2
A,S,21,2
T,D,46,1
K,D,61,1
E,E,64,1
H,$,4,1
$,N,61,1
S,A,3,2
D,$,11,2
R,K,8,1
$,A,16,2
A,A,14,1
N,E,9,1
M,$,9,1
W,C,8,1
L,M,9,2
F,$,12,4
F,I,4,3
F,S,8,1
$,K,30,2
M,C,9,1
$,Q,34,1
G,$,13,3
F,F,10,1
D,Q,17,2
L,$,65,1
E,$,62,2
A,W,4,1
M,D,7,1
$,V,13,15
R,Q,4,4
E,Y,40,1
K,C,1,1
H,$,98,1
Y,Q,7,4
G,L,83,2
E,Y,39,2
Y,D,28,3
F,G,4,2
H,Q,37,1
Y,K,29,1
$,S,22,2
F,$,100,1
$,Y,16,4
K,Y,13,1
T,$,95,1
C,D,10,1
A,Y,4,5
E,$,97,1
R,Q,5,1
E,Y,37,2
Y,H,31,2
Y,$,7,3
F,L,82,1
S,H,26,1
G,$,101,2
F,A,28,1
G,Q,84,1
Q,Y,18,1
I,P,77,1
D,$,22,1
C,Y,11,1
G,P,76,2
Y,A,30,1
H,Y,39,1
H,Y,38,1
E,S,6,1
H,P,1,1
$,R,26,2
P,G,18,2
T,H,5,2
I,L,5,3
F,L,5,8
F,N,6,2
D,N,7,2
E,A,6,1
S,H,7,1
H,R,6,1
P,$,28,1
L,Q,4,1
Y,D,11,1
E,I,8,1
$,D,95,3
V,S,13,1
G,$,20,4
$,E,96,2
L,Y,6,1
R,A,14,4
V,D,4,1
Q,E,10,1
G,Q,7,2
V,A,30,2
W,A,6,4
Q,M,22,2
R,K,6,1
H,E,5,1
K,A,49,1
L,L,33,1
V,M,30,1
R,E,28,1
P,T,30,1
T,A,47,1
I,G,29,1
W,F,7,1
V,E,29,2
G,$,34,3
E,A,46,1
H,S,2,1
E,G,45,2
G,P,15,5
Y,N,14,1
R,E,30,1
D,L,11,1
V,S,41,1
M,A,5,1
K,I,6,6
H,V,5,1
K,G,16,1
F,P,7,1
Q,S,9,2
D,H,16,3
T,C,1,1
E,H,15,2
A,$,32,4
I,L,13,1
T,S,5,1
L,H,18,2
C,$,16,1
C,E,3,1
G,F,10,1
F,V,13,1
A,T,12,1
I,N,8,3
W,G,16,2
P,L,7,2
P,$,17,1
$,R,83,1
R,H,5,1
K,S,8,1
W,$,81,1
M,K,14,2
$,K,42,5
E,H,18,3
I,G,17,1
S,V,30,1
Y,E,12,2
Y,M,14,1
F,K,18,1
S,L,33,1
S,K,7,2
$,Q,14,1
N,$,27,1
E,D,14,1
L,$,13,3
C,K,5,1
$,K,20,1
Y,I,15,1
T,F,8,2
$,N,37,3
Q,Q,5,3
C,$,2,5
Y,I,6,1
Y,W,8,2
D,K,14,1
C,D,6,4
$,D,18,1
Q,E,18,1
N,F,5,1
H,T,3,1
V,I,7,1
G,R,5,4
$,D,26,1
F,I,6,1
K,I,60,1
H,F,8,1
M,A,8,1
H,W,11,1
V,S,11,1
T,$,16,1
R,V,15,1
R,N,9,1
A,E,11,1
W,$,22,1
$,R,13,1
T,Y,9,1
P,K,15,1
Q,E,17,1
N,Y,7,3
D,A,15,1
H,P,2,4
E,L,19,2
E,I,15,1
$,R,23,5
L,E,24,1
T,V,26,2
D,$,67,1
A,F,20,1
N,$,25,1
K,F,14,1
T,E,12,2
I,E,16,1
F,$,65,1
H,G,20,1
R,V,27,1
L,$,66,1
R,E,22,1
K,A,18,1
L,$,68,1
Q,L,17,1
P,$,13,2
$,E,22,2
W,N,7,2
S,S,11,1
S,D,14,3
P,D,20,1
$,Y,23,5
P,S,22,1
T,A,13,2
C,S,10,1
$,D,102,1
K,V,23,1
R,H,6,2
N,P,43,1
V,D,25,1
A,D,55,1
C,H,7,1
S,N,40,1
H,$,37,1
V,Y,30,2
H,G,12,2
K,E,21,2
V,W,13,1
Q,L,6,2
C,T,6,1
V,V,12,2
Y,I,3,1
I,S,25,1
F,D,6,2
E,S,26,1
Y,E,3,3
L,L,26,3
S,E,12,1
Q,S,14,1
I,C,4,1
E,N,12,1
K,P,20,1
D,V,48,2
V,G,21,2
S,V,27,1
N,V,37,1
N,$,84,2
S,G,25,1
N,I,33,1
D,L,57,1
K,P,15,1
N,V,16,1
L,C,2,1
T,D,6,1
$,R,9,1
D,N,15,1
K,W,1,1
K,N,10,1
Y,Q,13,1
F,A,13,1
Q,I,1,2
P,K,5,2
H,N,1,3
E,E,8,4
I,I,11,1
H,K,7,1
K,K,9,1
H,F,2,2
I,E,9,2
T,K,14,1
H,$,6,1
Y,I,7,1
E,$,26,1
Y,V,5,1
$,K,37,1
F,V,4,3
F,$,51,1
$,I,62,1
A,N,2,3
N,K,10,1
N,G,8,1
N,L,14,2
P,F,46,1
D,K,68,1
R,L,16,1
F,F,45,1
H,C,34,1
R,F,14,1
E,T,23,1
G,N,38,1
Q,A,33,2
P,F,40,1
G,K,64,1
$,T,36,1
F,G,23,1
L,R,19,1
$,A,80,1
$,A,50,4
L,Q,18,1
W,P,1,1
Y,M,4,1
T,$,20,1
A,F,14,1
R,L,34,1
G,$,73,4
I,T,22,1
P,$,100,2
R,C,9,1
P,Q,9,1
H,Q,18,1
R,F,10,1
T,V,6,8
A,$,75,1
I,T,20,1
V,P,13,1
K,$,77,1
T,G,12,1
R,V,5,1
I,S,9,1
G,$,65,1
$,Q,32,1
K,I,8,1
V,C,7,1
A,E,14,1
H,$,56,3
$,Q,29,3
D,H,11,2
G,T,14,1
D,$,49,2
$,L,30,1
K,W,3,1
Q,G,12,1
H,G,3,3
K,H,10,1
Q,I,3,1
A,S,30,1
L,$,82,1
$,T,27,4
K,T,11,1
F,$,53,1
R,F,3,3
T,$,51,2
H,R,5,1
G,F,7,1
F,N,4,2
D,C,14,1
I,$,47,2
D,G,15,1
H,W,7,1
Q,Q,6,1
A,$,52,1
$,D,34,1
M,A,9,1
R,R,28,1
E,L,16,1
T,$,9,2
$,F,11,2
F,A,4,1
K,C,5,4
$,P,51,1
C,I,4,2
N,R,10,3
D,E,9,1
R,G,24,1
E,A,19,1
I,C,6,1
V,A,14,1
D,M,2,1
W,A,12,1
$,A,53,1
T,L,21,1
C,I,6,1
I,P,13,1
Q,Y,2,1
I,M,3,2
P,P,7,1
$,L,38,2
C,I,5,2
G,V,15,1
G,C,10,1
H,L,69,1
$,Y,2,2
I,R,8,1
I,L,3,1
E,R,12,1
I,K,38,1
F,K,7,1
K,E,2,5
C,I,2,1
D,Y,1,1
E,Y,3,1
C,T,1,1
I,D,31,12
H,L,15,14
D,N,33,1
I,K,14,1
E,C,22,1
D,Q,15,1
I,N,32,4
I,P,8,1
D,L,16,1
S,V,18,1
N,S,17,1
K,L,7,1
W,$,11,1
D,D,32,5
H,G,13,1
I,T,15,1
H,S,16,1
N,C,19,1
E,D,21,3
S,P,9,1
E,G,42,1
S,K,15,1
Q,G,11,1
D,C,3,3
T,E,7,1
R,H,1,2
G,F,2,3
I,F,6,2
C,$,6,1
K,A,12,1
D,H,2,3
D,I,5,2
G,D,17,1
L,P,9,1
S,P,10,1
M,D,15,1
C,E,2,1
F,P,32,1
F,C,5,1
Q,H,38,1
A,E,34,1
$,N,13,2
P,Q,13,2
N,K,15,1
I,A,30,1
N,I,14,1
M,A,35,1
A,K,36,1
A,G,37,1
L,F,13,1
H,P,24,1
T,K,43,1
Y,N,31,1
L,L,19,1
W,K,23,1
R,$,63,1
C,P,3,1
M,K,9,1
Q,F,16,1
I,D,15,1
Q,L,9,1
C,L,10,1
D,C,6,1
C,R,5,1
$,H,58,3
A,M,3,1
A,H,10,2
L,Y,34,1
A,G,23,1
G,H,18,1
L,L,32,2
$,N,59,3
L,K,19,1
G,S,19,1
R,K,27,1
A,N,61,1
$,Q,61,1
G,L,34,1
F,G,24,2
L,H,19,1
G,L,32,1
K,Y,36,1
K,G,53,1
P,S,6,1
N,$,35,1
H,I,5,1
Y,F,6,2
H,N,4,2
M,G,6,2
H,F,5,1
I,F,11,1
A,P,13,1
L,T,25,1
W,N,3,1
P,$,9,1
M,C,35,2
T,V,12,1
V,E,15,1
S,S,29,1
S,D,31,1
P,L,4,1
L,Y,1,2
S,D,35,1
V,C,79,1
F,R,13,1
A,F,43,1
Y,D,23,1
T,R,12,1
C,R,3,2
F,T,16,1
M,V,36,1
$,A,13,1
T,F,38,1
Y,N,4,1
M,H,15,1
W,Q,7,2
M,N,16,1
M,N,4,1
I,N,13,1
$,Q,30,2
L,V,24,2
K,D,35,1
K,Y,14,2
F,V,18,1
E,G,36,2
L,S,13,4
K,L,34,1
$,R,29,1
M,D,26,1
D,H,37,1
I,T,13,1
F,E,13,2
S,G,36,1
L,M,36,1
L,D,36,1
S,W,19,1
T,P,6,4
E,T,9,1
T,R,8,2
D,A,32,1
S,D,17,1
Y,T,1,1
V,G,17,1
D,G,18,1
S,P,25,1
D,L,42,1
T,T,26,1
I,N,20,1
L,D,16,1
V,P,6,1
N,W,31,1
H,V,7,3
Y,W,22,2
P,F,3,1
G,V,46,1
$,Y,51,1
N,E,19,1
T,I,8,1
M,S,5,1
S,I,5,2
F,I,19,1
Y,K,15,1
F,T,17,2
F,K,22,1
Y,T,18,1
Y,K,12,2
E,L,67,1
S,V,38,1
E,K,32,1
$,S,317,1
W,D,66,2
G,$,206,1
$,$,664,1
$,N,104,2
K,G,87,1
R,A,82,1
Q,W,28,1
G,P,29,2
V,E,76,2
W,$,205,1
$,W,316,1
T,$,204,2
K,G,88,1
R,W,112,1
R,L,85,1
D,L,79,1
T,$,242,1
I,Y,1,2
$,D,35,1
K,S,9,3
P,V,9,1
Y,H,3,2
T,R,11,1
D,S,83,1
R,K,15,1
P,Y,8,1
D,P,84,1
I,N,29,1
M,I,29,1
T,M,12,1
A,H,9,1
I,H,37,1
M,I,19,1
Y,M,3,1
I,F,38,1
M,Q,20,1
A,A,5,2
A,Y,3,2
I,R,28,1
M,Y,23,1
L,G,34,1
T,S,14,1
$,$,633,2
$,$,673,1
$,G,120,2
L,K,11,1
W,A,9,1
N,$,14,4
F,S,11,1
F,V,10,2
W,S,5,2
E,E,15,2
V,W,12,1
Q,L,14,1
$,N,143,1
H,$,33,1
$,R,87,1
I,D,43,2
$,I,15,1
F,H,64,1
G,I,43,1
C,I,9,1
$,$,48,4
$,$,56,5
I,G,24,1
F,$,10,1
I,G,25,1
M,Y,12,1
H,G,11,1
D,Q,8,1
Y,T,38,1
L,N,161,1
H,A,18,2
K,N,24,1
L,$,81,1
G,S,11,1
S,R,4,2
G,A,15,1
M,$,83,1
$,F,122,1
I,S,4,1
K,A,17,2
L,P,35,1
G,G,49,1
T,L,11,1
W,S,23,1
S,G,6,1
K,P,10,1
S,G,20,1
$,L,52,1
M,K,37,1
I,V,7,1
L,P,49,1
D,R,35,1
G,A,17,1
K,Y,8,1
M,S,15,1
K,$,56,2
$,D,123,1
I,V,46,1
K,L,27,1
D,P,36,1
M,E,24,1
$,$,697,1
C,$,12,1
M,C,4,4
$,R,22,2
C,C,6,3
C,$,21,3
I,C,3,1
$,C,24,1
R,$,22,1
W,N,5,13
$,T,12,4
$,R,17,3
Q,N,6,2
V,C,8,1
$,V,9,3
G,A,13,1
$,A,19,1
C,$,17,2
V,Y,1,1
$,$,45,2
L,G,16,4
C,Q,8,1
$,Q,17,3
$,$,150,1
H,L,22,1
E,C,4,2
$,E,13,3
C,W,9,1
L,$,14,1
T,$,14,1
$,K,18,1
N,$,28,1
$,$,51,1
$,R,27,2
C,C,3,2
$,$,39,1
N,R,5,3
A,T,7,1
C,L,6,2
C,V,7,1
C,N,6,1
I,W,2,1
W,V,1,1
C,H,5,2
R,L,7,1
T,W,4,1
S,I,7,2
S,L,8,1
C,N,5,1
F,G,6,1
$,G,19,2
C,G,6,5
W,F,1,3
R,I,2,2
V,N,8,1
K,$,7,3
W,S,11,1
W,N,22,3
$,G,59,1
F,Y,7,1
P,$,7,2
M,F,6,1
S,R,1,1
P,$,36,1
Y,$,13,3
E,G,16,1
C,C,21,2
G,$,19,1
E,T,8,2
C,$,37,1
$,C,10,2
$,C,87,2
E,R,22,1
$,S,90,1
V,Q,21,3
C,Q,15,1
$,V,89,2
V,V,23,1
R,Q,13,1
$,P,88,3
P,R,21,3
R,E,17,1
C,C,25,1
R,T,12,1
E,Q,23,1
C,N,9,1
W,Y,32,1
N,Q,24,1
R,C,11,1
I,Y,5,1
F,A,5,1
$,P,17,1
K,T,10,1
P,$,8,1
$,C,28,2
$,D,53,1
C,$,11,1
G,K,17,1
C,K,4,1
K,K,8,1
C,R,20,1
$,H,16,2
$,C,12,2
T,D,13,1
C,G,5,1
A,C,2,4
C,Q,6,1
$,C,25,1
M,L,9,1
S,$,14,1
$,S,47,3
$,F,48,2
N,$,34,4
$,L,27,2
$,R,32,1
F,C,1,1
V,C,1,3
K,C,11,1
E,M,23,1
E,K,44,2
$,$,92,1
$,I,44,1
W,K,7,1
L,$,23,5
Q,T,13,1
K,$,36,1
C,C,5,1
S,$,12,1
$,$,31,1
$,E,17,1
$,A,6,1
Q,K,9,1
$,N,26,1
C,V,18,1
T,P,13,1
F,$,54,1
$,W,5,2
T,C,11,1
V,$,51,3
C,L,7,1
C,D,9,1
I,M,9,3
G,M,8,1
I,$,26,3
S,A,12,1
E,T,28,1
F,A,8,1
Q,S,6,1
R,E,10,1
K,A,14,1
Y,$,14,1
M,T,29,1
F,$,31,1
W,C,4,1
L,R,11,1
F,N,10,1
H,Y,11,1
R,G,6,1
W,G,6,1
$,M,21,1
Y,L,10,1
$,H,20,2
E,H,6,1
E,T,13,2
M,L,4,1
$,I,11,2
K,E,8,2
Y,W,9,1
T,G,15,1
R,N,5,1
Y,E,11,1
R,Y,2,1
M,I,46,1
V,A,18,1
M,S,21,1
D,F,18,1
F,F,5,1
Q,E,14,1
P,$,15,1
$,Y,12,1
M,D,22,1
R,F,19,1
T,Q,16,1
K,D,17,1
H,A,6,1
Y,G,10,1
M,K,45,1
S,E,41,1
N,N,29,1
N,Q,8,1
Y,F,10,1
$,G,15,1
$,S,10,2
N,V,6,2
V,Q,3,1
T,M,11,1
E,A,12,1
E,Q,6,1
N,Q,6,3
V,E,12,1
E,I,7,2
E,N,10,1
V,V,11,1
R,V,7,1
E,W,8,1
I,Q,7,1
R,L,35,1
D,$,43,1
R,R,26,2
L,G,23,1
R,C,24,2
C,$,10,1
$,E,37,1
R,P,32,1
$,T,42,1
$,R,36,2
M,T,38,1
W,$,48,1
A,$,136,1
$,R,33,1
A,$,135,1
L,V,44,1
$,A,54,2
A,$,37,2
$,W,55,2
A,$,40,1
L,$,41,1
I,M,13,2
$,T,70,1
L,W,24,1
$,$,38,3
$,P,47,2
M,F,15,2
C,$,27,2
A,Q,8,1
D,W,1,1
W,$,18,1
H,E,12,1
E,V,6,1
P,$,11,1
Y,H,6,1
E,S,35,1
V,S,34,1
$,L,137,1
F,G,5,1
C,S,7,1
$,E,63,7
P,N,17,3
Q,P,3,1
M,T,18,2
Y,T,16,1
L,Q,8,3
Q,Q,2,1
T,V,8,1
K,T,14,1
F,V,16,1
V,$,31,2
$,S,73,1
P,N,18,1
S,D,24,2
I,K,7,1
H,W,3,1
P,$,35,7
$,R,72,8
P,$,34,2
N,I,8,1
G,S,13,1
F,M,30,1
F,T,27,2
A,N,15,1
M,N,19,2
Q,V,3,1
D,Q,7,1
P,N,12,2
P,T,28,1
G,N,16,1
Y,D,18,1
I,Y,19,1
V,K,6,1
$,V,16,1
H,$,27,1
M,T,15,1
F,D,19,2
Q,M,1,1
$,V,32,2
V,W,14,1
A,T,21,1
K,$,46,1
V,T,12,1
S,W,32,1
$,M,18,1
P,E,26,1
G,L,11,1
V,H,17,2
A,A,13,1
L,W,22,1
Q,V,38,1
D,P,195,1
W,N,21,2
L,$,45,1
$,$,548,2
S,W,20,1
Q,I,32,1
P,P,192,1
N,M,9,1
A,$,43,2
V,S,70,1
F,G,111,1
F,D,257,1
$,W,491,1
$,Y,17,1
I,C,111,1
M,G,91,1
P,T,17,1
V,$,48,1
T,L,28,1
P,K,39,2
H,I,26,1
D,K,30,1
M,F,9,1
R,Q,12,2
T,E,31,1
I,$,93,2
$,L,48,1
H,N,23,1
I,K,34,1
M,L,8,1
T,E,32,1
$,F,30,1
N,N,6,1
G,K,30,1
V,$,66,1
K,F,7,1
P,V,12,2
V,M,18,1
P,H,6,1
M,V,2,1
R,Y,11,1
I,T,51,2
V,G,29,2
$,G,106,1
T,S,4,1
