Parent,Sub,Count
E,S,217
Q,E,244
V,R,154
H,R,80
W,A,50
K,T,226
E,T,266
D,A,192
A,E,317
H,I,58
L,G,169
R,Q,148
T,Y,129
T,R,284
L,I,681
G,T,161
A,Y,149
I,G,89
E,G,129
K,V,193
L,V,721
E,A,284
I,M,150
H,S,81
G,S,229
Q,A,190
E,D,335
D,N,246
R,K,363
L,A,473
I,A,295
K,E,300
E,V,188
H,E,110
D,G,185
Q,G,104
V,C,87
H,K,76
W,L,65
K,H,92
L,Y,235
R,H,86
K,Q,191
T,K,247
T,L,289
L,C,72
G,H,77
A,V,477
I,L,737
E,Y,81
K,R,325
I,F,243
G,D,144
D,P,91
Q,K,220
E,R,250
A,N,158
H,V,80
R,A,196
T,D,200
T,M,75
G,I,124
I,Y,129
K,A,258
L,S,198
E,I,132
I,T,213
H,D,81
D,Q,130
E,N,169
V,I,733
W,G,17
K,L,196
E,K,337
H,W,18
T,N,144
G,A,406
A,D,211
E,H,100
P,D,96
D,V,102
Q,H,87
A,S,393
E,Q,258
H,G,52
K,D,223
A,K,252
D,K,217
Q,D,153
H,A,101
D,H,92
T,Q,169
G,V,197
P,K,123
E,P,145
Q,I,64
A,M,123
K,I,142
L,F,350
T,S,428
T,V,405
L,T,258
G,C,53
P,G,97
D,M,36
V,F,214
H,Q,66
W,I,51
A,R,245
H,Y,85
L,M,267
G,M,66
I,V,738
K,N,186
P,T,118
Q,S,124
D,S,239
D,T,170
A,P,147
H,L,78
T,A,356
D,E,346
Q,L,127
A,I,314
V,L,688
K,P,112
H,T,74
K,M,51
T,E,276
A,H,102
E,M,50
H,F,64
E,L,160
G,N,144
Q,R,175
Q,T,143
A,G,439
K,S,197
A,T,301
T,G,233
H,C,9
D,C,23
A,Q,182
L,K,170
Q,V,109
V,S,207
G,L,137
A,L,450
V,A,447
E,F,79
H,N,85
R,L,183
G,Y,68
P,A,158
Q,N,100
R,T,188
G,Q,94
P,S,122
N,S,224
S,D,231
S,R,180
D,R,152
V,N,92
S,G,270
I,C,59
G,E,121
N,D,231
G,R,151
N,P,72
S,Y,106
G,W,30
L,Q,150
W,Y,61
R,E,240
L,R,179
A,W,49
N,E,137
N,H,95
L,N,123
N,K,162
K,G,157
L,D,82
F,Y,223
S,A,388
S,T,388
K,F,100
S,K,214
N,A,171
Y,F,211
P,V,120
I,R,113
L,E,166
V,Y,183
Y,D,56
F,G,77
P,N,73
I,S,140
Y,N,56
A,F,158
T,I,261
F,S,88
V,P,93
V,Q,103
F,P,34
T,W,44
P,H,35
P,I,86
I,Q,81
V,H,76
Y,R,73
W,V,58
Y,H,56
F,A,153
I,K,120
F,V,278
I,E,97
H,M,26
I,P,45
Y,K,71
Y,Q,47
V,T,372
Y,G,86
T,H,96
V,M,139
V,W,70
W,C,10
Y,S,85
N,Y,94
K,W,34
Y,V,161
F,L,425
F,R,65
F,H,41
T,P,114
F,I,257
L,W,99
S,E,262
Y,L,227
T,C,63
Q,M,38
T,F,123
V,E,139
N,L,136
V,K,145
L,P,99
N,I,76
E,W,41
N,R,167
Y,I,148
G,P,85
N,V,148
G,K,134
G,F,74
N,Q,103
V,D,101
I,H,58
D,F,71
W,E,28
M,L,237
Y,A,138
M,E,51
M,R,37
M,K,48
R,G,99
S,N,186
P,E,126
S,H,99
R,I,121
R,Y,104
Y,T,120
F,E,63
N,T,165
K,Y,86
E,C,21
R,V,162
C,E,22
Q,W,18
S,V,208
F,C,34
M,N,38
S,L,176
P,W,14
M,A,117
Y,C,40
C,A,142
M,G,60
C,F,64
C,Y,40
R,S,176
A,C,99
R,M,49
R,D,171
Y,E,98
F,D,40
F,W,100
S,P,109
F,M,86
P,M,27
P,R,81
R,P,81
P,Y,44
M,V,139
N,M,46
M,P,28
M,I,96
I,D,69
Y,W,75
N,G,129
S,I,118
Q,P,62
C,L,109
M,Q,42
L,H,68
Q,F,53
C,N,23
I,N,58
C,T,68
F,T,133
D,Y,79
R,N,111
C,I,68
Y,P,37
F,K,64
R,F,79
F,Q,59
R,W,34
F,N,60
N,F,59
Y,M,68
S,M,56
M,F,91
M,Y,65
M,T,66
M,S,40
H,P,17
D,L,111
P,F,57
N,W,19
Q,C,12
D,W,26
S,F,104
R,C,26
P,Q,77
S,Q,154
N,C,27
C,G,67
C,V,122
C,D,20
S,C,50
W,F,43
K,C,23
S,W,25
M,C,20
I,W,41
V,G,137
C,M,26
D,I,70
M,W,19
M,H,24
C,S,53
C,Q,23
P,L,127
W,N,23
W,S,36
Q,Y,52
W,R,38
W,Q,28
W,T,41
P,C,14
W,P,21
W,H,23
C,H,24
W,M,16
C,W,15
M,D,24
C,R,26
W,K,20
C,P,20
C,K,22
W,D,19
