Lflank,Rflank,In Len,Count
S,E,28,1
S,E,11,3
H,H,4,1
Y,$,1,52
W,Q,34,1
L,E,5,5
S,E,5,5
A,E,3,8
K,I,3,14
H,G,10,2
H,H,5,5
H,K,7,3
D,F,1,13
S,E,30,2
H,H,6,2
H,P,1,4
E,M,3,5
G,H,1,10
G,D,1,27
$,V,1,4
D,V,1,10
A,S,5,6
H,K,17,1
G,A,5,9
Y,$,2,10
E,D,4,6
A,L,3,12
Y,$,10,3
$,V,11,1
A,E,6,3
S,E,1,15
H,E,9,2
Y,$,4,12
L,K,1,13
S,H,2,4
D,A,4,11
Y,$,3,7
H,H,2,3
F,G,3,5
K,K,7,4
H,E,3,1
F,G,1,10
Y,$,8,5
A,D,3,9
A,E,1,11
G,H,4,6
$,V,10,1
A,G,2,17
G,H,3,4
Y,$,6,8
M,K,3,5
K,H,3,3
D,F,2,4
$,V,9,2
A,Q,1,15
V,L,1,4
A,K,1,13
H,E,2,5
S,E,9,3
G,H,8,4
D,V,3,5
S,E,6,8
H,K,3,8
A,S,9,2
E,M,1,3
H,E,8,3
A,Q,2,7
$,V,7,1
$,S,2,5
R,P,2,4
S,$,1,23
A,L,36,2
L,D,8,1
K,N,7,3
L,G,1,22
D,L,5,7
P,$,9,8
L,D,9,5
S,D,8,2
P,$,1,33
D,A,48,1
L,D,11,1
L,G,21,2
L,C,6,2
P,$,2,18
I,E,5,2
Q,G,7,5
E,F,1,8
R,$,1,16
G,D,15,3
S,H,14,1
Q,$,15,3
R,A,4,10
D,F,12,2
G,S,7,9
Q,$,52,1
R,A,3,5
G,D,5,10
Q,$,21,3
D,F,16,2
G,S,8,5
Q,$,19,2
M,D,8,1
Q,L,7,2
L,A,5,6
G,$,55,1
$,L,2,4
R,G,8,4
E,$,4,23
G,Q,5,7
E,$,5,12
$,L,26,1
E,E,8,2
E,$,16,5
V,E,1,14
V,E,5,8
G,$,11,4
$,K,5,1
A,L,22,1
$,K,1,11
K,F,18,2
P,$,3,13
$,K,2,5
P,H,8,1
Q,I,16,1
$,K,12,1
Q,I,20,2
P,H,1,2
L,Q,18,1
Q,P,17,1
R,Y,2,6
D,L,9,3
A,$,4,24
A,D,4,6
A,F,10,3
G,G,24,2
Q,L,14,3
K,$,9,18
A,D,5,3
G,A,16,1
G,G,26,1
V,M,17,1
E,E,1,18
K,$,6,15
A,D,6,2
G,A,17,4
G,G,25,2
Q,L,21,1
K,$,4,12
A,D,23,1
A,Q,12,3
Y,L,25,1
K,$,1,57
A,D,27,1
Q,C,3,7
G,H,14,1
G,G,6,8
S,F,23,2
K,$,13,7
A,D,32,2
A,Q,11,2
G,A,21,3
I,L,17,1
L,K,36,1
K,$,2,36
A,D,9,2
A,Q,10,1
G,A,3,15
A,Q,20,2
A,D,30,2
G,A,66,1
E,G,2,25
G,V,26,3
L,K,14,1
A,D,25,1
F,P,9,1
G,G,11,4
G,A,36,1
G,R,1,24
K,D,24,3
K,$,3,29
A,D,29,3
H,Q,17,1
G,Q,3,7
E,G,24,1
K,D,7,5
K,$,5,12
A,D,56,1
P,P,19,1
G,R,13,1
D,E,11,4
A,D,8,5
G,A,8,1
G,G,21,3
L,K,15,1
A,D,20,1
E,Y,10,2
L,K,38,1
A,D,22,2
A,Q,3,5
G,A,41,1
E,Y,13,1
A,Q,8,1
K,$,28,2
A,D,16,2
Q,N,2,11
F,A,11,1
A,D,21,2
Y,A,1,9
A,F,2,8
R,E,8,3
G,V,5,5
Q,L,1,7
A,D,47,1
A,F,1,7
G,G,9,5
G,V,2,16
K,$,24,1
A,G,1,30
G,V,1,25
Q,A,47,1
G,A,1,26
L,K,13,2
G,A,7,3
D,G,6,8
G,R,41,1
K,D,18,4
G,A,13,3
G,R,46,1
$,Q,1,4
N,K,12,2
G,I,5,4
P,G,9,7
E,A,2,21
I,T,1,10
A,$,23,5
N,F,9,4
A,$,8,7
G,I,1,23
A,$,25,3
R,N,3,12
P,Y,2,4
A,$,3,30
N,P,4,11
A,K,2,7
N,K,1,10
A,$,1,31
N,F,8,3
A,$,7,13
N,K,20,1
Y,P,2,2
T,V,2,6
R,R,4,3
Y,P,4,4
Q,V,1,6
A,$,18,5
N,K,8,2
Y,P,7,2
T,V,11,1
R,N,5,3
Y,P,3,5
A,$,2,31
R,N,2,8
P,S,5,12
A,$,35,4
C,G,1,8
N,F,11,4
A,$,36,1
N,K,4,8
S,E,7,4
S,Q,13,1
N,F,5,2
N,F,1,7
E,L,5,5
I,T,16,1
A,$,11,8
R,R,2,7
N,P,1,18
R,R,12,1
K,Q,11,2
S,Q,8,4
N,F,4,2
E,A,5,5
A,$,28,2
R,R,16,1
A,$,12,3
R,N,6,7
C,G,6,2
A,$,16,9
N,F,33,1
P,S,3,8
A,$,20,3
N,F,3,3
K,C,20,1
G,I,4,9
$,R,15,1
E,P,6,3
E,S,1,8
L,$,12,8
E,S,2,12
V,V,1,5
V,G,2,10
L,$,2,22
K,A,2,5
V,G,3,7
L,$,3,19
T,P,2,7
T,S,2,15
I,G,3,10
V,$,3,11
D,P,1,17
D,L,17,1
G,G,1,63
S,A,7,3
R,$,23,2
Y,N,39,1
R,G,1,18
S,A,2,7
R,$,14,2
R,A,5,3
I,N,14,3
R,R,8,3
K,$,14,6
N,E,11,1
D,F,3,6
P,D,8,3
G,D,11,4
T,G,3,14
K,$,12,8
E,K,7,4
K,D,4,14
N,A,11,4
G,D,9,10
N,E,9,5
F,I,5,2
G,N,17,2
D,G,11,6
N,E,24,1
T,A,2,4
D,L,3,12
G,L,12,1
K,$,8,8
A,T,29,1
G,N,8,5
D,G,10,3
A,T,32,1
K,D,1,19
L,G,4,9
G,D,3,13
N,E,7,5
I,T,25,1
D,L,2,19
N,D,9,5
K,D,12,2
D,G,30,3
D,V,2,10
K,D,16,2
N,A,5,9
I,T,21,1
S,K,19,1
N,D,2,12
T,G,5,14
N,D,29,1
G,D,7,10
K,$,26,1
N,E,2,7
A,E,24,3
P,D,11,2
D,G,13,3
K,$,16,8
N,E,23,1
F,I,3,6
D,L,10,3
D,G,5,8
S,K,13,6
L,N,4,3
G,D,8,9
K,$,37,4
K,V,23,1
E,K,5,7
A,E,20,1
K,$,15,6
K,D,17,3
P,D,5,5
K,$,51,1
F,I,86,1
N,A,1,10
K,V,18,2
N,D,6,2
T,G,4,13
K,$,7,7
S,K,20,1
K,D,2,21
E,K,2,7
I,T,20,1
D,G,3,20
V,L,14,2
K,D,8,1
A,V,10,1
G,L,7,5
K,$,19,9
V,L,20,1
T,G,1,33
L,N,2,14
A,V,7,2
G,D,14,3
E,K,3,12
T,A,32,1
L,G,16,3
A,F,7,3
L,Y,6,2
P,N,8,2
E,V,6,5
F,$,14,1
L,T,25,1
G,L,5,12
D,I,5,5
K,S,24,1
F,$,7,5
Q,L,4,5
F,$,5,8
Q,L,30,1
G,L,4,11
V,E,2,11
F,$,16,1
Q,L,24,1
Q,G,4,4
S,T,9,1
F,$,17,3
T,P,24,1
L,P,2,8
K,S,2,2
F,$,8,3
G,Y,5,4
K,P,2,6
A,$,5,11
N,$,6,5
N,$,5,9
I,T,6,2
N,$,11,2
I,T,3,7
D,I,1,7
Q,E,7,3
E,S,9,4
S,$,64,2
$,G,1,10
E,S,4,10
S,$,3,13
S,$,2,19
S,A,21,1
A,A,5,4
S,P,1,9
S,A,4,5
S,$,4,13
A,F,8,3
R,N,25,2
Y,I,3,2
K,D,5,8
L,K,5,7
D,M,4,2
Q,$,70,1
L,K,6,6
D,M,7,2
Q,$,7,7
G,D,10,10
Q,$,16,3
Q,$,55,1
H,K,5,1
R,E,15,2
L,K,12,1
Q,$,8,7
L,K,8,1
P,P,2,6
Q,$,10,5
K,T,5,13
K,D,6,3
D,M,6,3
Q,$,11,9
Q,$,14,4
$,E,1,2
N,V,2,12
D,T,4,5
R,D,5,8
I,G,10,3
Q,$,1,18
$,M,6,4
H,K,25,1
Q,F,11,1
Q,$,5,7
$,M,5,9
T,G,7,4
Q,R,9,2
Q,$,2,24
$,M,7,2
R,D,20,1
Q,R,2,4
Q,R,17,1
Q,$,4,10
I,G,18,2
Q,$,37,2
$,Q,13,1
D,T,5,5
T,D,1,17
A,K,15,3
V,V,10,2
V,S,8,2
G,L,2,14
T,H,2,4
P,$,23,4
V,V,4,4
V,S,13,3
H,S,11,1
V,S,17,1
H,S,3,4
P,$,28,3
P,$,88,1
E,Y,2,6
D,L,7,6
D,Y,2,5
F,$,22,3
$,D,9,1
N,E,4,8
S,Q,2,19
D,Q,20,1
N,E,6,3
A,K,20,3
T,S,6,14
K,T,2,7
M,T,1,4
C,E,1,2
C,Q,4,2
P,$,7,8
Q,G,3,8
P,$,6,16
P,$,10,5
L,C,1,1
G,C,1,6
S,P,5,6
L,T,6,8
E,K,31,1
L,T,12,2
E,K,25,1
L,V,12,4
E,R,25,2
L,$,4,17
S,P,4,8
D,H,4,2
L,$,21,6
S,R,3,3
L,$,13,7
N,T,1,9
G,D,2,26
V,N,10,5
M,S,7,3
D,A,1,15
R,G,12,2
Y,$,24,1
K,P,20,1
Y,$,5,2
S,V,10,2
Y,$,20,1
P,S,7,9
G,L,3,10
L,P,5,5
A,R,5,2
P,I,18,1
R,V,4,9
K,T,4,12
E,L,4,5
S,D,7,3
K,$,67,1
G,E,60,2
A,E,7,3
L,P,29,2
K,$,10,8
P,I,26,1
R,V,5,5
K,$,54,1
L,P,33,1
E,R,3,7
K,$,25,4
P,I,4,4
R,V,6,9
K,$,23,4
G,A,2,22
K,$,17,4
E,L,17,1
P,Y,12,1
I,$,26,2
S,P,2,11
S,G,20,1
K,T,11,2
G,E,3,20
V,K,5,4
G,E,7,7
V,K,24,2
E,E,2,9
V,K,1,11
E,T,1,17
Q,N,16,2
S,P,3,9
P,G,1,26
K,E,1,13
P,G,5,4
D,$,2,20
P,V,19,3
F,Q,1,4
L,N,14,3
G,F,1,18
V,K,22,1
A,$,14,6
D,P,19,1
S,D,1,15
T,R,22,1
G,T,1,19
T,$,14,2
F,L,4,3
D,F,17,1
A,Y,6,2
E,L,7,5
I,Y,12,1
R,S,14,2
E,L,25,4
S,G,3,23
R,S,15,1
I,Y,1,4
S,L,21,2
R,A,10,4
D,K,17,2
A,Q,9,2
I,R,5,2
T,S,36,2
S,P,18,3
L,$,19,5
E,E,24,1
K,C,6,3
T,S,20,2
G,D,68,1
D,G,4,13
Y,T,24,1
L,$,16,4
T,S,38,1
N,S,16,2
L,$,17,3
P,T,33,1
N,S,24,3
L,$,1,24
T,S,37,1
S,P,25,2
P,T,52,1
N,S,54,1
L,$,72,1
Q,P,41,1
T,S,54,1
L,A,64,1
Y,T,21,1
T,Y,25,1
P,T,6,2
I,S,1,2
G,N,262,1
L,A,1,16
L,$,89,3
T,S,120,1
L,P,171,1
L,$,186,1
E,E,33,2
R,E,3,8
P,T,19,3
N,S,61,1
H,G,1,8
Y,T,48,1
T,S,40,1
L,$,24,2
T,S,49,1
T,S,34,1
N,S,26,1
L,$,7,10
P,T,43,1
N,S,17,2
E,K,55,1
F,E,20,1
S,S,47,1
W,Y,2,1
D,$,81,1
F,Q,44,1
N,$,40,1
Q,R,8,5
Q,K,32,1
N,E,14,2
A,W,24,1
N,$,15,2
G,F,12,5
F,Q,15,1
E,T,2,13
E,I,16,2
N,$,20,3
F,L,1,5
L,T,22,1
E,T,3,8
N,$,26,1
N,L,7,6
Q,Q,40,1
E,N,16,1
N,$,12,1
N,L,4,9
E,D,20,1
N,E,17,1
E,I,14,3
N,$,7,3
L,L,2,6
Q,F,38,2
D,S,2,13
T,I,5,2
Y,S,24,1
N,$,1,18
D,A,21,1
I,V,2,2
I,V,17,1
I,N,1,4
N,$,3,15
L,L,13,3
Q,F,33,1
W,N,13,1
S,H,21,1
L,G,6,4
N,E,50,1
N,$,49,1
L,Q,5,4
F,Q,35,1
N,E,5,10
W,T,30,1
M,S,13,1
N,E,15,2
A,W,28,1
N,$,14,2
G,F,9,6
M,L,25,1
T,I,4,6
A,W,15,1
N,$,8,3
G,F,11,5
W,N,53,1
N,$,54,1
$,Q,8,1
L,F,22,1
D,E,1,17
N,Q,13,4
S,$,57,1
R,I,6,2
K,E,3,7
K,$,42,1
$,L,5,4
G,E,20,3
G,L,1,27
V,R,4,3
$,L,3,3
A,G,18,1
K,A,1,5
N,R,1,15
E,P,3,2
K,$,146,1
E,E,19,1
K,K,6,3
P,E,5,6
K,$,52,1
$,L,6,4
A,G,13,4
E,L,2,20
K,K,9,2
E,E,13,3
K,K,5,2
K,$,102,1
E,G,8,4
K,$,11,7
$,V,8,1
P,Q,20,1
S,R,1,10
G,R,2,17
E,$,8,3
L,T,7,3
D,S,15,1
I,P,4,10
L,T,4,5
R,F,12,4
S,I,8,2
L,T,3,10
R,F,17,1
L,T,2,8
T,T,10,4
L,A,23,2
A,$,6,21
A,V,4,7
G,I,2,8
A,Q,7,3
T,$,3,17
P,W,2,2
S,A,5,5
T,T,7,4
S,A,3,3
E,I,6,2
S,W,2,2
T,P,3,11
S,P,6,3
S,L,1,10
G,V,36,1
E,A,7,1
E,$,3,22
I,D,18,2
R,D,8,3
E,$,2,25
A,V,26,1
E,R,8,4
G,$,2,19
T,D,4,7
N,D,1,15
P,N,1,10
P,$,18,5
V,T,2,7
P,K,2,6
D,P,9,2
P,N,3,6
K,I,13,2
P,$,5,8
P,D,1,15
L,M,1,6
T,E,1,6
M,G,6,6
Y,$,26,2
L,M,8,2
A,A,4,5
V,S,14,3
N,G,7,12
N,G,8,10
Y,$,15,5
Q,L,27,1
Y,$,14,2
K,I,4,6
Y,$,16,3
M,G,10,2
E,N,1,15
L,Q,2,3
P,N,6,3
Y,$,17,1
P,N,2,6
Y,$,19,6
Q,L,2,6
G,E,2,16
Y,$,9,3
I,G,6,4
T,$,26,1
S,H,9,1
T,$,23,3
S,H,8,3
P,S,11,1
C,R,1,5
T,$,8,7
S,H,15,1
P,S,8,3
T,$,4,14
H,K,10,1
A,T,11,4
T,$,29,2
S,H,5,7
S,H,4,3
S,K,9,6
T,$,25,1
A,H,8,6
L,N,12,3
Y,L,10,2
D,E,2,17
S,$,87,2
Y,L,4,2
F,H,2,2
S,$,18,4
$,E,94,1
G,I,13,2
S,$,15,7
N,N,40,1
T,I,7,2
M,D,15,1
G,I,17,1
S,$,19,4
L,W,107,1
D,D,52,1
E,E,22,3
R,S,2,6
L,W,5,1
L,W,3,1
S,$,76,2
$,E,17,1
G,I,7,3
Y,S,23,1
S,$,70,1
D,R,2,10
H,L,3,2
S,$,72,2
D,M,13,1
D,T,14,4
K,L,6,11
E,G,1,23
S,$,23,5
K,Y,3,1
S,G,5,13
S,$,13,4
L,W,15,2
S,G,4,12
G,N,5,10
S,$,67,1
$,E,6,1
I,D,12,2
S,$,16,4
N,I,9,6
S,$,21,1
W,N,37,2
F,H,4,5
Y,L,71,1
V,D,1,9
I,I,15,1
N,N,73,2
D,N,35,1
S,$,5,6
N,N,79,1
G,F,2,3
G,N,7,4
E,E,37,1
R,S,94,1
Y,L,1,4
G,N,4,13
K,L,83,1
F,K,1,8
D,K,7,2
V,$,23,2
D,L,8,2
D,T,11,7
V,N,1,11
S,E,3,24
D,L,4,7
F,I,2,2
A,G,3,11
D,C,1,3
D,D,3,10
E,K,4,6
K,L,5,2
I,G,4,7
G,K,1,31
S,E,13,2
D,D,11,1
K,L,8,2
E,E,6,2
A,G,4,8
L,S,4,9
T,D,7,6
D,K,1,11
S,G,2,26
W,P,32,1
S,V,5,5
A,$,39,2
R,W,8,2
P,Q,5,4
N,G,3,11
P,Q,2,5
I,S,9,1
P,E,14,3
E,H,1,4
E,G,5,12
N,S,7,4
S,I,5,3
K,$,27,4
N,S,1,10
E,E,4,4
K,L,4,7
N,S,5,9
P,E,10,3
E,H,3,2
K,T,7,4
T,P,33,1
K,L,1,11
N,S,4,11
P,E,13,3
T,P,12,1
D,E,10,3
K,$,22,1
D,T,1,13
E,H,6,7
E,G,11,3
N,S,6,7
T,V,20,2
N,S,2,8
P,D,4,12
I,S,7,3
T,E,2,9
S,I,6,3
K,K,1,12
$,Q,3,6
P,D,10,6
D,E,3,5
L,N,1,7
E,V,1,10
K,$,35,2
L,L,1,4
V,K,3,6
T,P,4,6
K,L,2,14
E,R,1,13
L,A,3,5
E,H,2,3
E,G,10,4
R,M,1,3
D,$,6,6
M,R,1,2
M,R,2,2
D,$,5,18
Q,S,14,1
L,E,2,8
I,R,4,4
I,$,5,11
I,R,22,1
I,$,1,14
N,Q,1,1
D,S,7,4
Q,N,22,2
P,L,7,6
P,W,9,2
E,V,4,5
G,$,23,1
P,L,5,7
P,W,4,3
L,V,14,1
G,$,17,4
R,C,5,5
G,$,10,5
S,I,12,1
N,$,16,3
E,I,2,8
S,S,5,2
R,$,72,1
S,F,8,5
M,E,47,1
R,$,16,3
S,F,5,3
M,E,51,1
N,K,3,6
V,S,6,6
P,S,17,2
T,R,3,7
G,N,2,21
K,$,48,1
T,R,4,7
K,$,18,2
E,N,4,6
L,$,18,4
V,S,7,2
G,$,6,15
V,S,47,1
D,R,7,1
T,A,1,4
G,$,5,10
A,I,1,6
Y,T,4,1
G,$,1,37
N,T,47,1
G,Q,7,2
M,M,2,1
T,L,1,11
S,$,6,5
$,N,28,1
Q,Q,2,4
P,$,85,1
$,N,1,6
P,$,8,5
F,K,2,4
G,V,3,14
M,S,1,4
P,A,1,16
I,E,2,3
R,D,3,6
L,E,1,15
G,G,2,29
Y,Y,14,1
S,L,11,3
I,I,1,2
T,$,36,1
S,L,73,1
T,$,16,1
S,L,2,7
I,G,26,1
T,$,72,1
$,I,1,1
E,Y,27,1
T,$,30,2
T,R,2,4
I,K,50,1
V,W,14,1
I,L,1,10
A,C,7,2
K,K,14,1
G,E,6,7
E,$,28,3
A,C,5,2
K,E,11,1
E,$,31,1
A,C,27,1
K,E,8,4
G,S,10,11
E,L,3,8
E,$,47,1
I,K,4,2
K,K,21,1
G,E,10,3
G,K,4,15
Y,M,10,1
P,$,30,3
T,Q,5,1
S,R,4,8
T,A,4,5
R,$,10,3
R,T,5,3
T,A,49,1
R,$,8,6
S,R,2,9
R,$,79,1
D,$,1,25
D,E,5,8
W,G,1,3
Q,K,2,12
D,$,4,13
H,R,31,1
G,T,3,12
L,S,12,2
H,R,2,2
F,S,4,2
D,E,4,7
T,F,11,1
K,$,233,1
R,A,8,3
S,D,6,7
Q,Y,10,2
R,A,2,9
S,D,4,6
A,$,47,1
S,E,2,13
D,E,8,4
E,$,48,3
K,L,18,4
G,P,4,3
T,N,16,1
P,G,8,9
L,G,2,16
G,E,13,3
N,P,2,7
P,G,4,10
R,T,2,5
G,H,2,3
M,R,13,1
T,L,2,7
$,N,26,2
L,P,3,18
R,S,6,6
R,T,4,4
V,D,6,5
F,A,3,4
P,R,5,6
R,G,4,10
F,$,9,1
L,A,41,1
R,H,5,1
R,S,5,6
V,D,10,1
F,$,6,14
G,R,7,5
R,T,9,1
F,$,13,5
$,N,31,1
$,N,6,1
L,P,6,6
I,E,6,3
P,R,8,1
R,S,20,1
F,$,27,1
$,N,23,1
V,E,10,3
R,S,9,2
K,V,2,8
R,V,1,21
F,$,25,2
$,N,42,1
R,G,7,5
R,T,7,3
V,D,5,7
F,$,12,3
L,P,8,9
G,R,5,4
L,D,3,6
D,K,9,5
F,$,29,1
T,L,3,8
R,G,5,5
P,R,2,9
F,$,34,2
L,I,2,3
D,K,2,9
$,V,28,1
L,S,5,8
T,S,1,13
K,S,1,12
P,F,10,2
S,S,3,7
V,G,1,15
Q,S,9,5
H,T,3,5
E,$,9,12
P,F,14,3
L,S,1,17
S,S,1,12
V,G,27,2
Q,S,12,2
R,R,1,8
E,$,21,4
P,F,12,1
Q,S,10,3
H,T,5,3
E,$,30,1
P,F,4,6
R,H,1,6
P,F,8,2
G,H,5,2
E,$,7,7
M,D,1,5
F,L,8,2
S,G,6,7
D,P,7,2
T,E,4,2
G,K,7,10
Q,S,6,4
H,T,4,1
E,$,11,6
M,D,10,1
N,T,7,1
L,D,2,6
V,K,25,1
Y,N,5,2
I,$,23,1
R,P,3,4
K,G,4,15
I,E,29,1
A,N,3,7
I,E,37,1
A,N,5,7
I,P,37,2
P,D,6,2
N,V,29,1
G,N,18,1
E,C,1,3
Q,R,6,3
T,T,44,1
D,I,13,2
R,$,4,8
N,V,11,4
G,N,20,2
Q,R,10,4
T,G,45,1
D,I,14,2
R,$,17,4
C,C,11,1
V,N,20,2
R,D,44,2
N,L,14,3
Q,E,3,4
K,E,6,5
T,$,2,15
Q,E,6,2
V,N,8,3
T,$,12,5
S,K,2,12
K,E,5,3
T,I,14,2
T,$,74,2
E,Y,1,7
P,E,6,5
Q,H,10,1
D,S,11,2
S,Q,17,1
C,E,3,1
L,A,11,1
H,G,7,3
P,L,40,1
F,R,3,4
P,$,21,2
K,C,121,1
G,G,16,2
A,F,55,1
A,G,63,1
M,R,54,1
A,C,47,1
S,N,8,5
P,$,49,2
S,Q,14,2
E,S,10,1
S,Q,4,9
F,R,5,2
P,F,17,2
P,$,20,1
Q,F,5,6
F,A,8,2
A,P,6,5
T,V,4,5
Q,F,2,5
P,G,7,4
A,P,4,6
P,$,33,2
S,P,67,1
D,G,9,6
N,I,2,7
N,T,59,1
S,P,43,1
P,G,35,1
N,A,7,5
S,Q,18,1
S,N,5,8
G,V,8,9
G,S,6,13
N,T,32,1
S,P,16,3
F,P,24,1
S,S,2,12
S,Q,11,3
L,A,122,1
L,T,91,1
L,G,75,1
F,V,55,1
R,P,47,1
G,$,49,2
R,T,1,12
Y,K,16,2
P,K,1,6
S,N,1,17
R,N,13,3
H,K,16,1
R,D,4,10
C,$,1,13
H,T,10,1
R,N,11,1
V,D,4,4
N,H,3,3
C,$,8,2
H,T,11,1
N,H,10,1
C,$,13,2
P,W,15,1
R,K,1,16
C,$,30,2
R,D,29,1
T,T,6,5
I,K,2,8
N,R,35,1
D,L,6,7
C,$,16,3
A,T,2,5
T,R,8,3
N,L,5,4
H,K,1,6
C,$,4,2
A,T,1,11
R,D,10,3
N,H,6,2
C,$,6,2
$,D,12,1
F,P,11,1
Y,R,4,4
S,Y,11,3
Q,T,2,3
P,Y,5,4
L,$,9,3
$,P,4,4
Y,F,3,2
E,G,3,12
Q,P,7,4
N,G,27,1
A,G,9,3
S,N,14,1
Y,F,5,3
L,D,19,1
$,P,2,6
A,G,11,1
L,D,10,1
P,E,8,1
Q,A,10,2
Y,F,4,1
K,D,31,1
Y,G,32,2
I,$,21,2
E,A,4,6
Y,S,65,1
N,N,2,22
G,Y,64,1
G,Y,79,1
I,$,27,3
I,$,146,1
E,A,144,1
H,M,2,1
G,Y,23,1
G,Y,2,14
N,I,4,6
I,$,41,1
I,$,289,1
E,A,139,1
G,Y,25,1
I,$,43,1
G,F,6,11
F,E,45,1
L,D,6,5
N,P,8,1
P,S,1,10
D,K,108,1
Y,Y,36,1
W,T,3,2
N,T,2,10
Q,N,18,2
F,F,10,1
T,L,5,4
L,D,29,1
D,N,5,4
P,W,64,1
Y,Y,50,1
F,N,4,4
Q,N,5,1
H,F,40,1
H,I,31,1
S,R,13,1
N,E,18,1
P,W,27,1
I,N,2,7
A,$,9,7
D,Y,35,1
F,N,10,1
P,S,32,1
F,T,65,1
A,N,2,10
Y,I,19,1
D,N,11,4
E,G,18,1
F,N,3,2
D,G,42,1
A,Y,11,2
A,$,17,2
V,P,292,1
T,F,1,5
F,N,9,1
P,K,7,3
T,D,19,5
Y,K,5,1
D,S,8,4
N,Q,28,1
A,$,101,1
L,E,3,2
Y,K,13,1
N,S,14,2
T,P,9,5
S,E,25,1
F,N,35,1
A,$,43,2
L,E,46,1
W,T,27,1
A,W,30,2
E,E,46,1
F,V,27,1
N,H,4,5
L,D,36,1
V,D,7,2
A,Y,26,2
A,$,67,1
D,Y,31,1
P,K,38,1
G,P,29,1
F,T,43,1
H,I,3,7
Y,I,7,5
F,L,40,1
D,D,47,1
F,L,22,1
E,D,6,4
S,T,13,1
N,H,13,1
S,R,9,4
D,N,8,4
S,E,17,1
N,L,1,11
S,T,1,6
L,D,7,3
N,G,1,30
P,D,9,3
E,D,2,11
F,V,2,3
N,H,9,2
N,S,20,1
S,E,29,1
F,G,2,3
T,G,2,16
A,$,364,1
A,M,11,2
S,T,3,6
P,D,3,8
W,S,10,2
S,D,22,1
N,V,35,1
C,N,51,1
N,A,32,1
N,$,13,1
G,T,21,1
N,M,12,1
L,P,43,1
E,A,35,1
S,D,43,1
Y,E,8,1
S,Y,5,2
E,K,1,11
D,F,9,1
N,K,9,3
T,E,6,5
K,$,21,1
G,T,2,16
N,M,18,2
N,W,17,1
D,D,9,6
P,L,2,8
P,V,3,3
Y,S,2,4
P,Q,3,5
N,K,7,4
H,T,9,6
K,$,33,1
N,W,18,2
S,R,8,3
K,K,18,1
V,Q,1,4
S,Y,4,4
K,L,11,4
E,K,11,1
K,$,34,4
A,E,43,1
N,W,33,1
D,D,2,5
E,I,15,2
P,L,8,6
K,K,11,1
S,Y,22,1
D,S,21,3
E,K,29,1
K,$,30,2
A,A,2,7
N,I,19,2
I,L,23,1
Q,K,7,2
H,W,10,1
A,N,1,9
Y,F,6,1
K,R,5,8
Y,P,5,4
S,L,14,3
L,$,34,1
E,R,16,1
L,E,4,3
K,R,3,8
Q,V,5,6
K,D,15,2
N,L,11,4
Y,N,13,3
F,V,5,3
Y,Y,5,4
E,R,57,1
E,Q,20,1
Q,G,2,7
L,C,9,2
T,K,9,3
L,K,7,5
P,$,50,2
E,R,27,2
E,Q,17,2
A,L,4,7
Q,R,49,1
L,K,56,1
Y,N,6,1
P,$,14,2
A,I,4,3
K,D,3,26
I,T,5,8
Y,T,13,2
G,R,11,3
P,$,41,1
T,L,56,1
M,S,8,1
D,S,3,8
L,D,1,12
S,E,10,3
K,L,3,7
R,L,13,3
T,G,6,10
D,M,3,3
S,$,50,2
S,P,7,2
G,E,1,24
T,R,5,9
Q,K,11,4
I,K,41,1
P,$,25,2
I,H,39,1
K,C,9,2
S,S,14,2
E,A,1,13
S,F,1,5
T,R,10,1
Q,I,32,1
F,D,1,13
P,$,24,2
M,G,20,1
P,N,27,1
V,T,53,1
S,P,8,2
E,A,8,2
M,G,41,1
P,N,30,1
P,$,27,1
I,H,2,3
A,N,6,4
G,G,4,15
K,V,19,2
Q,I,28,1
P,$,19,3
A,K,40,2
S,V,3,5
L,S,9,2
V,T,14,1
Y,V,6,2
E,P,1,5
E,K,10,3
K,G,41,2
I,P,1,9
V,I,27,1
E,Q,4,1
D,P,4,6
W,F,34,1
K,D,37,1
Y,I,5,3
N,F,10,1
K,N,1,25
E,V,24,1
A,M,1,3
G,Y,1,9
N,W,27,1
N,A,90,1
D,P,18,2
R,H,13,2
P,P,5,6
K,N,4,6
V,I,22,2
D,V,34,1
Y,I,2,2
E,Q,1,5
A,L,1,16
K,W,18,1
A,M,7,1
H,V,9,1
G,V,6,10
C,P,39,1
D,T,24,1
N,R,8,3
G,A,4,14
A,$,33,2
V,I,13,3
G,Y,3,8
H,V,17,1
S,C,40,1
Y,I,6,3
N,R,3,11
V,G,4,5
V,I,14,1
H,V,24,1
S,C,42,1
N,Y,6,2
E,V,22,2
Y,D,2,8
P,T,34,1
R,K,8,2
C,P,97,1
Y,I,8,1
N,R,11,1
A,$,32,2
V,I,19,1
Y,D,4,9
V,I,12,1
Y,F,52,1
Y,I,10,1
R,H,22,1
K,N,16,1
G,V,25,1
A,V,3,4
V,P,3,6
G,G,5,19
Y,R,1,3
C,G,174,1
E,R,20,1
L,V,1,7
S,H,13,1
G,I,11,2
A,L,2,4
V,$,4,10
I,$,556,1
I,$,575,1
V,G,215,1
L,P,16,2
V,$,310,1
A,E,53,1
V,H,17,1
V,Y,10,6
E,E,11,2
Q,Y,5,1
W,$,32,1
V,H,74,1
L,K,58,1
N,A,4,7
W,$,141,1
V,L,145,1
T,N,4,3
F,$,141,1
P,L,32,1
K,W,7,2
A,T,4,6
A,$,424,1
E,L,118,1
E,I,37,1
A,$,90,1
A,$,191,1
P,L,64,1
K,W,35,1
A,$,234,1
K,W,1,2
D,E,34,1
A,T,3,3
A,$,109,1
K,$,424,1
D,L,1,11
Y,G,31,3
K,V,1,10
D,V,4,10
L,G,3,17
Y,G,20,1
T,K,1,4
W,L,13,1
H,F,4,1
Q,$,18,5
Q,Y,42,1
Y,G,1,8
G,K,74,1
L,G,14,3
G,N,1,20
Q,$,3,15
T,S,3,20
H,Q,2,2
K,F,1,3
E,D,8,4
M,$,2,5
K,Y,9,2
S,$,25,3
S,N,3,17
H,D,19,1
S,$,60,1
G,A,46,1
K,Y,11,1
S,$,182,1
P,A,19,1
S,N,18,4
A,K,18,1
E,C,6,1
K,Y,4,3
S,$,7,6
P,A,7,1
S,N,17,3
Q,I,3,6
H,R,1,3
S,S,11,3
D,W,7,2
E,M,17,3
E,$,24,2
R,S,7,9
V,T,9,4
P,H,5,1
E,N,8,4
E,$,23,1
S,V,17,1
P,T,12,1
M,$,23,1
I,P,5,2
T,S,25,2
E,G,4,10
I,P,11,3
S,S,33,1
L,I,15,2
S,L,8,5
S,Q,7,3
Q,M,3,1
S,F,3,5
I,P,13,1
D,T,30,1
D,L,12,3
S,Q,1,8
V,E,6,4
T,S,27,2
F,Y,8,1
M,M,1,4
I,P,3,1
S,S,24,1
E,G,6,9
E,F,3,9
D,T,54,1
A,P,2,10
M,K,2,3
A,S,7,2
D,L,27,1
P,M,6,2
E,$,1,28
V,N,3,7
K,Q,1,9
F,A,10,3
P,F,18,1
G,F,18,1
T,N,40,1
K,W,19,1
K,Q,12,2
T,F,6,2
Y,K,2,4
G,F,7,6
T,N,29,2
K,W,5,3
A,L,8,5
S,P,12,2
Y,L,3,2
S,A,6,7
G,S,18,1
S,E,33,1
T,Y,5,2
H,$,10,2
E,D,5,10
Q,$,13,2
E,L,56,1
C,D,11,3
H,L,1,8
E,D,3,14
K,N,3,5
M,P,11,2
L,P,1,8
P,T,8,2
A,K,3,4
K,N,5,4
P,G,16,2
N,T,128,1
S,E,8,3
I,$,12,2
T,S,15,2
S,N,15,1
N,D,5,1
L,R,16,1
E,Y,6,4
G,K,12,3
S,G,1,24
F,N,6,5
L,V,5,3
M,$,92,1
M,G,2,12
G,S,1,35
R,K,3,10
H,I,5,1
M,$,17,1
$,V,4,2
T,S,5,10
R,K,2,6
K,Q,18,1
T,N,1,11
A,V,1,3
M,$,7,1
R,L,40,1
R,R,28,2
A,G,14,5
I,D,8,1
E,F,5,6
E,$,65,1
N,G,4,12
S,V,4,3
G,C,10,3
S,Y,9,3
G,W,3,7
N,P,6,3
K,G,1,28
F,S,3,3
R,G,3,4
N,N,1,17
T,Y,1,5
F,S,2,1
A,T,56,1
C,$,28,1
G,T,5,6
C,$,12,3
D,A,25,2
I,C,24,1
C,$,62,1
V,W,4,2
N,N,12,3
L,S,6,7
A,D,11,3
S,Y,15,3
A,A,9,1
I,A,1,20
G,D,4,14
Y,I,13,2
P,T,3,9
A,W,6,2
A,$,333,1
A,$,311,1
A,$,500,1
L,I,29,1
Q,S,3,3
P,K,34,2
L,A,29,2
V,S,79,1
T,H,131,1
A,$,108,1
I,A,4,3
I,T,34,1
S,C,23,1
A,$,94,1
L,I,20,2
V,S,74,1
T,H,133,1
A,$,91,1
A,M,8,1
D,P,5,4
P,T,2,7
T,C,11,1
N,H,26,1
S,C,49,1
A,$,150,1
A,W,4,2
S,C,10,2
A,$,63,1
T,S,9,3
E,A,17,1
A,$,31,2
H,L,2,4
I,A,2,3
I,T,4,4
E,A,23,1
M,K,7,1
Y,I,14,2
P,S,6,9
A,A,14,2
D,P,6,4
Y,I,15,1
T,S,8,5
V,F,20,1
I,A,3,4
P,V,15,1
S,C,16,1
A,W,5,1
C,A,12,1
Q,$,333,1
R,T,3,5
P,K,8,2
L,G,5,11
P,T,5,7
A,A,1,17
L,D,12,3
A,S,4,8
L,D,4,5
F,S,6,3
P,K,3,2
Q,R,5,3
$,S,1,7
Q,R,12,2
N,E,1,9
Q,F,3,4
D,R,1,34
T,Q,4,4
I,M,15,1
G,D,17,1
S,N,2,13
F,S,1,2
R,T,19,1
T,Q,33,1
S,I,4,1
G,L,6,7
N,S,8,4
D,R,4,10
Y,L,2,4
N,K,2,16
L,D,58,1
P,T,16,1
A,$,76,2
T,S,4,8
A,S,2,6
Q,R,1,4
I,M,9,1
P,T,1,10
I,M,6,4
Q,N,3,7
S,I,7,4
A,A,3,6
D,T,2,10
D,T,3,6
T,Q,2,3
R,L,1,4
W,N,7,1
A,$,10,9
T,S,7,2
I,M,19,1
K,P,1,15
Q,Q,1,3
D,Y,6,5
E,D,10,3
S,K,6,5
D,P,2,12
M,$,8,3
$,P,3,3
A,D,2,7
M,M,4,1
Y,S,1,3
Y,G,2,5
H,A,2,3
M,$,5,5
$,P,5,2
M,$,3,5
H,A,1,11
M,V,8,2
P,I,2,4
G,E,5,10
I,A,17,2
G,W,1,7
T,T,8,3
M,$,1,7
V,L,4,4
T,K,3,5
W,M,6,1
T,K,2,9
P,I,1,7
$,P,1,3
H,A,5,2
V,L,5,1
N,Y,2,11
G,W,2,4
E,T,5,12
S,L,5,5
M,$,11,2
I,A,7,2
H,A,3,10
L,E,7,5
T,T,16,1
V,D,2,4
M,$,13,1
M,$,4,4
I,H,17,1
E,Y,11,2
T,T,11,2
Y,G,5,6
E,Y,8,2
T,T,5,5
L,K,3,8
M,$,6,2
W,M,1,1
Y,S,3,6
W,M,15,1
V,D,3,4
N,Y,1,2
V,L,7,2
K,M,7,1
M,V,5,2
I,H,1,2
P,I,11,2
V,L,6,4
M,D,3,2
S,L,3,1
F,S,5,4
M,$,10,1
G,W,8,1
N,Y,4,4
W,M,3,1
M,$,19,1
L,E,8,3
W,K,1,1
L,E,14,2
L,V,11,1
L,F,5,2
G,T,16,3
A,Y,8,3
I,D,1,8
Y,Q,2,2
L,F,10,1
T,Q,11,1
A,Y,3,2
T,$,9,5
Y,L,8,1
V,T,11,4
L,I,13,1
R,$,7,7
I,T,2,8
D,V,10,2
S,L,6,5
F,K,3,7
Q,A,4,7
R,D,2,5
E,Q,6,6
T,I,1,11
N,A,12,2
F,K,4,2
V,T,1,8
T,R,1,8
F,R,1,2
R,$,2,10
V,P,1,13
L,S,8,4
D,D,1,10
N,A,2,10
N,M,4,2
D,T,6,11
D,$,10,2
A,W,2,2
Q,G,1,7
R,K,4,4
V,$,2,18
D,G,1,38
A,S,1,11
S,T,4,4
A,D,1,11
G,P,1,10
S,T,2,4
E,V,5,7
$,A,1,13
F,$,2,8
V,Q,14,1
N,C,4,2
R,L,15,2
V,Q,9,4
E,R,2,9
N,C,12,4
R,H,14,1
L,K,2,5
F,$,1,21
V,Q,6,2
R,H,15,1
T,A,7,3
G,V,12,4
F,D,19,1
L,Y,2,1
Y,S,18,1
M,T,2,5
I,H,10,1
N,Q,4,2
N,N,4,8
N,I,8,1
V,$,10,2
A,P,20,3
A,I,13,1
N,L,6,8
V,A,1,4
I,D,5,9
V,$,6,9
A,P,18,1
G,H,9,6
I,H,11,1
N,Q,6,9
P,L,4,9
V,$,14,4
I,P,20,1
T,F,5,1
L,R,6,1
S,A,1,17
T,L,6,3
Q,S,7,2
L,T,8,5
I,T,7,2
A,V,5,3
G,K,18,2
E,V,8,2
R,I,8,1
V,E,3,1
Q,S,1,7
G,K,20,2
G,Q,2,13
R,I,9,3
G,$,3,14
D,K,8,3
V,R,3,5
$,A,6,1
N,V,1,14
V,F,12,2
S,K,3,7
N,P,3,8
K,M,1,3
A,Y,5,2
P,N,4,3
Q,K,10,2
G,$,4,13
$,A,4,1
T,V,8,2
I,I,4,4
T,K,12,1
R,K,9,3
G,V,13,2
G,$,41,2
V,R,2,3
N,C,13,1
N,P,11,3
V,F,11,1
$,A,9,4
G,D,19,3
C,D,2,5
V,F,10,2
V,I,6,2
G,G,20,2
G,$,24,3
N,C,36,1
I,I,7,1
T,A,9,5
R,K,6,2
G,$,64,2
E,W,1,1
T,P,7,6
S,$,9,5
R,W,35,1
V,S,3,1
G,G,10,5
K,I,1,8
N,T,6,3
Y,N,2,3
K,E,15,1
N,G,5,12
N,$,9,3
D,I,4,4
G,Q,23,1
K,N,8,5
S,Y,2,5
Q,Q,11,2
V,F,9,2
T,H,7,2
D,I,8,6
S,Y,7,4
K,E,10,3
T,T,4,4
G,S,24,2
G,S,4,12
N,$,32,1
V,F,4,1
T,H,16,1
K,D,9,5
S,F,26,1
Q,K,13,1
T,T,34,1
G,Q,39,1
N,I,18,1
N,$,29,1
$,F,2,2
Q,I,10,2
R,G,10,3
F,S,8,1
E,T,8,1
N,S,3,7
P,V,1,6
L,I,9,2
T,$,1,34
S,Y,1,12
T,K,6,3
K,N,40,1
V,S,4,4
K,P,8,3
A,F,13,1
N,N,5,6
N,T,16,1
R,I,1,10
E,$,112,1
H,H,1,2
R,I,2,2
K,N,29,1
V,S,10,2
K,P,11,3
G,N,22,1
M,R,12,1
K,N,13,3
E,$,22,3
S,Q,10,1
K,N,12,1
R,I,3,2
S,Q,6,3
K,P,18,1
I,L,5,2
Y,Q,19,1
G,N,3,13
N,M,5,3
I,V,5,4
E,$,10,4
T,Y,17,1
G,P,5,6
H,A,13,3
D,M,8,1
L,S,16,1
S,$,112,1
T,Y,3,3
P,T,4,5
D,G,2,26
P,L,11,2
R,$,3,14
S,D,9,3
P,L,3,4
$,T,2,2
Y,P,1,3
S,N,10,1
W,Q,7,1
L,K,4,12
W,$,3,3
N,G,42,2
F,N,13,3
E,N,2,13
H,G,3,7
G,P,3,9
V,$,12,1
P,N,71,1
R,H,4,3
G,P,8,4
D,N,69,1
F,L,12,1
D,G,7,8
I,$,14,2
F,H,3,2
P,Q,4,5
I,F,49,1
A,L,7,2
Q,P,16,5
K,$,29,1
Y,D,1,6
Y,I,11,1
S,D,5,5
P,G,10,6
K,$,58,1
Y,D,34,1
T,I,6,1
S,D,18,1
Y,D,36,1
L,A,2,11
P,P,7,4
G,E,28,3
N,H,1,12
V,Q,2,2
H,Y,9,3
P,F,27,2
Y,D,32,1
P,Q,10,1
A,P,1,5
D,I,18,2
G,E,4,12
W,I,14,1
C,A,7,2
P,P,11,3
Y,I,24,1
V,S,1,9
Q,P,26,1
K,$,41,2
H,Y,21,1
P,Q,1,9
P,Y,25,1
Q,P,4,5
Y,D,3,1
C,A,9,1
A,L,9,1
S,D,16,1
Q,N,11,1
P,G,20,1
Y,D,25,2
P,Q,9,2
I,D,10,1
P,P,10,2
I,G,19,1
Y,T,1,2
Q,T,37,2
S,C,18,1
I,D,24,1
S,E,12,2
T,I,35,1
A,P,3,9
H,Y,1,8
P,Q,32,1
C,A,2,3
Q,P,1,13
P,P,8,2
Y,D,6,2
Q,T,39,1
S,C,21,1
E,N,13,2
Q,T,33,1
I,F,7,2
P,F,5,1
D,G,15,3
P,Q,8,2
D,I,9,4
P,P,12,2
D,G,8,9
E,P,20,2
I,G,1,17
G,L,14,2
F,H,1,2
P,Y,37,2
G,R,12,1
P,Y,16,1
P,P,9,3
I,G,27,1
Y,T,16,1
K,$,20,2
F,H,12,1
P,Y,6,1
S,D,33,1
P,P,6,8
F,N,1,4
N,G,10,6
R,N,4,6
M,G,5,2
P,$,58,1
G,$,14,5
R,K,5,5
D,N,9,2
S,D,2,9
G,F,8,3
K,K,2,10
P,A,21,1
D,G,68,1
P,A,3,5
R,G,6,9
N,Q,7,3
N,I,5,3
I,P,10,1
N,R,6,4
N,I,13,3
L,F,2,2
A,V,11,3
A,E,10,5
H,R,6,1
E,G,16,1
L,V,2,4
L,F,4,2
S,A,8,4
H,F,2,1
A,T,9,2
A,G,10,7
A,R,11,3
T,H,1,4
V,T,7,2
T,V,5,7
A,R,13,1
H,F,1,3
V,T,12,1
G,S,2,16
A,R,15,2
G,A,9,7
G,S,3,26
A,R,7,1
A,R,14,1
T,V,15,4
T,V,7,3
V,G,13,4
D,$,7,6
$,S,12,1
C,N,2,1
Y,N,3,3
K,T,3,6
D,R,19,1
S,G,43,1
A,K,9,1
Y,$,11,1
$,D,1,4
S,A,9,1
D,R,3,10
E,W,4,2
S,G,15,5
Y,$,31,3
G,L,9,5
K,A,5,5
G,S,15,4
A,F,16,1
N,$,31,1
Q,S,11,2
T,Q,3,3
R,S,1,7
L,T,1,8
G,P,12,1
F,V,3,3
T,M,26,1
Q,S,2,4
E,E,17,2
Q,S,5,3
A,N,42,1
T,M,8,1
E,I,26,1
Q,V,13,2
N,V,3,7
G,P,30,1
T,M,142,1
S,K,23,2
E,E,3,9
Q,$,26,1
L,Y,12,1
L,Y,1,2
K,G,26,1
G,N,6,2
N,Q,16,2
T,$,11,5
A,S,43,1
N,F,17,3
A,S,11,2
N,F,18,1
E,$,13,1
S,G,18,2
G,$,13,9
T,V,6,2
A,H,4,1
G,Y,13,3
F,N,2,5
R,E,5,3
T,V,1,15
W,V,18,2
N,G,11,5
A,G,7,5
V,G,54,1
A,H,10,4
D,T,17,3
R,L,5,7
G,W,56,1
L,E,20,1
R,L,7,5
T,$,5,9
R,H,12,3
V,W,1,2
L,R,2,5
H,S,5,2
Y,L,14,1
S,R,5,4
F,F,3,2
V,P,32,1
A,H,9,1
Y,A,7,3
V,G,23,1
H,S,8,2
G,Y,7,2
P,L,9,2
Y,A,4,2
V,W,25,1
R,T,6,3
S,R,12,4
G,L,20,1
V,W,35,1
H,S,6,4
Y,A,6,2
P,S,4,9
G,W,12,1
R,V,7,1
H,S,1,3
T,$,19,1
W,S,12,1
F,V,18,1
T,R,6,9
N,G,9,5
G,G,3,15
Y,A,5,1
P,S,18,2
V,G,21,1
H,S,4,3
G,Y,15,1
T,$,7,4
P,S,20,2
V,G,25,1
N,G,6,9
R,L,11,2
L,Q,11,6
W,S,3,2
F,F,2,4
W,V,62,1
H,S,7,3
D,T,13,1
G,G,17,1
L,P,4,5
Q,R,38,1
S,R,37,1
G,P,16,1
H,F,34,1
G,V,11,3
T,$,6,7
R,H,28,1
Y,L,5,1
R,L,4,4
D,G,25,1
G,W,36,1
R,E,1,8
D,F,5,4
V,W,50,1
G,V,18,1
Q,R,4,3
F,V,28,1
H,S,15,1
N,G,19,1
G,Y,14,2
P,S,2,9
W,V,40,1
D,T,46,1
Y,L,18,1
Q,R,21,1
D,G,18,1
V,G,34,1
H,S,10,1
D,T,10,3
G,G,13,2
F,V,33,1
R,V,3,2
A,H,1,2
F,N,5,4
L,T,9,2
G,Q,10,1
N,Q,3,1
G,R,27,1
V,M,12,1
F,C,2,1
G,R,14,1
N,I,10,2
D,A,11,2
A,V,12,1
S,A,13,1
A,G,19,3
I,N,137,1
A,V,8,3
E,S,12,2
I,L,2,4
T,$,73,1
G,R,125,1
I,A,19,1
D,A,6,9
A,P,16,1
A,G,20,1
L,Q,1,5
T,$,71,1
G,R,29,1
D,A,12,7
V,M,8,1
E,S,26,1
A,G,12,2
R,R,24,1
G,R,120,1
S,A,11,1
A,G,16,2
T,I,3,3
S,I,1,4
A,Q,13,2
D,M,12,1
N,A,9,4
P,M,12,1
Q,A,14,1
D,$,3,6
Q,N,1,4
N,V,10,5
S,A,26,1
T,H,3,6
A,L,5,5
Q,A,6,3
L,I,10,1
D,$,41,1
N,T,12,2
S,A,23,1
T,S,11,5
Q,A,7,3
L,C,10,2
E,$,41,2
V,L,9,3
N,G,2,14
Y,Y,18,1
Q,A,1,5
R,F,6,4
Q,A,11,1
R,F,3,4
K,P,4,9
Q,A,5,3
R,F,2,4
K,P,10,3
P,V,2,6
I,L,18,1
R,T,8,5
V,H,4,3
N,K,10,1
M,T,49,1
I,$,8,7
E,V,2,6
M,T,44,1
I,$,7,4
$,Y,2,1
G,I,43,1
I,Q,3,2
V,N,14,1
D,N,3,7
I,G,8,12
L,$,8,7
I,G,5,5
L,$,42,3
I,V,67,1
V,P,5,3
A,N,11,4
N,D,4,5
R,E,6,2
F,P,6,6
D,H,1,6
L,Q,3,5
I,$,17,1
W,G,44,1
N,E,16,1
S,V,1,4
I,V,12,1
W,G,2,2
S,G,7,8
I,$,28,4
V,P,14,1
R,M,5,2
V,A,3,5
G,R,4,11
I,S,6,2
S,G,16,5
I,$,20,4
V,P,25,1
P,R,3,5
W,G,4,4
S,G,17,2
P,Y,11,1
P,R,9,2
P,F,6,3
I,S,11,2
I,V,44,1
V,P,8,4
I,A,14,2
W,G,3,3
F,E,9,3
I,$,18,3
P,Y,46,1
P,R,15,1
V,A,24,3
N,N,8,3
R,E,4,10
F,P,1,6
K,P,3,6
P,D,2,21
H,L,8,2
I,V,4,2
V,P,47,1
P,R,16,1
V,A,25,1
N,R,7,2
D,I,10,1
I,$,6,6
V,P,51,1
V,A,2,6
Q,S,4,4
E,S,3,7
I,$,3,6
V,P,20,2
R,I,4,6
H,F,8,1
I,$,46,1
N,R,2,10
V,A,4,2
D,A,5,3
I,$,16,2
I,V,51,1
P,R,14,2
N,A,3,5
E,I,13,1
S,G,10,6
I,$,22,1
V,P,48,1
V,P,13,2
N,D,27,1
E,N,10,2
H,L,7,6
E,I,9,1
D,I,7,1
N,N,7,4
E,P,2,9
I,S,4,3
I,$,125,1
V,P,18,3
I,S,8,2
I,$,44,1
R,M,46,1
W,G,34,1
E,I,18,2
V,P,62,1
F,E,4,2
E,I,3,6
D,I,20,2
V,P,56,1
V,V,19,2
R,G,9,1
V,C,20,1
E,I,19,1
I,$,4,7
P,Y,43,1
R,M,16,1
N,A,6,5
R,M,13,1
D,V,6,5
W,G,5,1
N,E,10,1
S,G,12,6
I,V,49,1
I,A,11,2
N,N,47,1
G,E,54,2
W,V,3,1
E,D,17,2
G,E,12,4
P,$,15,5
G,E,37,1
E,G,17,1
P,$,40,1
V,C,24,1
G,E,14,1
G,D,6,5
P,$,13,8
M,K,37,1
E,A,16,2
D,R,16,1
L,F,7,1
D,N,1,18
D,V,8,1
A,Y,7,1
P,G,28,2
Y,D,12,2
I,$,32,2
I,N,17,1
K,E,24,1
R,$,13,4
I,N,3,6
G,I,3,6
A,R,4,4
H,E,4,4
V,$,13,1
E,T,12,1
E,I,7,2
H,E,12,1
E,I,1,6
S,$,8,7
E,T,4,9
S,$,10,3
E,E,5,2
V,I,4,3
L,A,7,2
S,$,32,1
E,T,21,2
S,$,20,1
V,I,3,2
E,T,14,2
S,S,10,3
H,E,1,3
S,$,49,1
C,R,3,3
$,M,138,1
D,L,11,3
L,P,19,2
E,Q,12,1
G,M,9,1
F,K,16,1
G,M,2,9
L,P,7,6
E,Q,3,5
I,$,2,6
$,M,122,1
D,L,14,1
N,L,19,2
V,R,6,2
S,V,14,1
A,E,31,1
V,N,18,2
R,N,1,14
G,$,7,7
A,E,40,1
R,N,19,2
G,$,26,2
$,G,5,2
Q,C,12,2
$,G,6,1
R,N,10,7
Q,C,4,2
E,E,40,2
G,K,9,6
M,N,3,5
S,T,24,1
S,T,19,1
P,E,19,4
K,Q,2,5
P,R,1,6
R,E,28,1
E,G,12,3
N,$,2,14
A,G,8,5
E,Q,2,2
G,Q,1,19
E,G,19,4
P,R,4,5
E,P,24,1
E,G,15,2
A,S,3,13
I,F,2,3
E,L,1,12
N,$,27,1
Q,T,17,2
R,E,2,10
G,E,9,1
N,$,4,4
H,G,6,4
S,H,7,2
T,L,20,2
V,$,7,11
E,P,4,10
V,$,1,28
E,P,7,3
Y,F,8,2
V,L,2,7
N,M,2,4
R,V,14,2
H,T,18,1
D,Y,3,7
D,D,6,4
V,K,12,1
N,V,5,4
H,T,2,5
D,Y,9,3
V,K,17,1
T,T,3,6
Y,Y,7,1
T,G,12,2
T,I,8,3
T,H,6,3
D,Y,5,6
Y,E,11,1
R,D,6,5
T,H,11,2
D,Y,11,1
E,A,10,1
T,G,8,5
T,H,8,1
D,Y,4,3
Y,E,12,2
T,P,14,1
T,H,9,2
Y,Y,3,1
S,Y,10,1
A,Y,12,2
V,K,20,1
T,T,2,9
H,T,19,1
Q,K,1,15
T,G,28,3
G,F,16,1
I,E,14,1
G,K,13,1
S,P,13,1
D,I,12,2
C,G,3,2
I,K,6,2
G,K,3,15
A,$,59,1
$,E,15,1
V,H,1,5
N,E,3,9
Q,V,30,1
L,I,1,2
E,I,5,4
D,$,49,1
M,R,30,1
H,V,13,1
A,L,6,4
R,T,22,2
H,V,4,2
K,L,13,1
T,G,9,2
D,$,13,5
E,L,10,2
S,H,1,5
G,S,11,3
D,$,24,2
Q,V,26,1
A,R,1,5
I,E,4,1
D,$,28,2
D,$,26,1
Q,Q,5,4
S,S,9,2
D,$,72,1
Q,Q,9,2
G,S,5,11
E,L,8,6
I,E,8,1
L,T,11,3
D,$,12,8
R,T,50,1
D,$,40,2
G,Q,17,1
G,S,51,2
R,E,10,1
N,E,19,1
D,$,47,1
D,$,43,1
R,A,1,16
D,$,55,1
M,R,5,1
D,$,30,2
R,T,18,1
G,Q,13,1
G,S,30,1
E,L,32,1
E,Y,4,6
Q,V,14,2
L,R,15,1
D,$,100,1
T,V,12,1
E,I,4,5
D,$,33,1
H,V,3,2
E,G,23,1
D,$,46,2
R,T,90,1
D,$,20,3
L,R,9,1
I,E,12,1
S,H,17,2
E,F,8,3
S,L,7,4
G,E,8,2
D,$,35,1
G,Q,57,1
N,T,17,1
I,$,10,4
R,W,1,5
H,G,16,2
N,D,3,5
P,G,2,11
P,E,4,5
M,F,16,1
I,V,3,3
Y,K,1,1
M,K,1,4
K,G,2,15
N,K,53,1
M,N,6,2
D,P,11,2
N,Y,5,2
I,K,9,3
V,T,10,4
A,I,10,1
D,P,10,3
D,P,3,3
G,F,5,7
P,F,2,5
W,A,3,1
H,K,2,2
D,M,2,1
K,Q,8,1
F,V,4,5
S,N,9,4
N,K,13,2
F,$,3,15
A,R,3,5
A,I,6,3
W,A,5,1
K,S,4,9
S,K,4,4
T,D,8,3
Y,K,10,2
G,C,3,4
Y,N,4,5
I,D,3,3
E,H,11,1
T,D,3,6
L,N,7,4
D,S,6,3
I,P,6,3
N,R,10,4
K,I,7,10
E,H,7,4
Y,K,9,2
L,G,7,5
G,C,2,6
T,D,10,3
I,D,4,3
N,N,3,9
K,T,1,11
$,I,14,1
T,D,2,7
L,N,8,2
K,I,5,3
T,C,7,2
W,C,3,1
G,A,6,5
$,Q,2,2
D,S,1,15
R,L,8,2
D,H,2,4
Y,D,7,3
V,D,17,2
Y,N,1,4
H,P,2,3
I,T,9,2
E,$,6,8
N,G,36,1
T,L,142,1
T,K,58,1
I,T,8,3
H,P,28,4
H,R,3,1
E,D,1,6
V,E,8,2
F,V,10,3
K,E,14,3
K,E,27,1
Q,R,14,2
F,F,5,1
V,E,27,1
L,R,14,2
P,E,27,1
R,Q,43,1
Y,W,8,1
P,$,35,1
L,Q,6,3
Y,W,1,1
P,E,11,3
R,Q,42,1
T,L,8,1
Y,W,36,1
P,$,42,1
F,T,3,3
P,P,1,5
A,P,11,5
G,D,18,1
E,T,19,2
G,A,12,5
D,K,6,6
R,G,15,3
H,Q,10,6
R,I,13,3
L,F,3,22
A,G,5,5
K,I,2,8
H,K,8,1
S,R,11,3
G,F,4,7
Q,I,8,2
P,Y,3,16
K,V,3,10
P,Y,8,1
G,V,9,14
K,I,8,8
K,V,10,3
R,G,17,3
G,F,3,3
E,H,9,1
Y,V,3,6
R,G,16,7
N,Q,8,2
Q,I,5,5
L,F,20,1
K,V,7,2
G,N,32,1
E,H,8,2
Y,G,10,3
V,N,9,3
S,N,4,13
E,H,5,5
P,Y,10,1
N,D,19,2
H,Q,7,2
Y,G,6,4
R,G,13,3
H,Q,6,2
Y,G,9,4
K,V,8,4
G,F,25,1
K,V,9,5
H,K,6,1
Y,G,4,2
G,V,20,1
G,F,26,1
G,F,31,1
Y,G,7,2
V,N,11,2
G,F,32,1
H,Q,8,1
N,G,15,1
Q,M,5,1
E,$,123,1
S,K,7,5
R,G,19,3
N,Q,9,3
S,R,17,1
Q,I,9,2
E,L,23,1
E,T,9,7
H,Q,3,1
N,Y,15,1
K,V,4,7
G,L,11,3
G,V,7,3
G,Q,6,2
K,I,6,6
K,V,5,6
S,C,2,1
M,S,6,1
A,T,15,1
A,G,15,1
V,Q,5,2
T,T,1,9
V,P,10,1
F,L,5,3
A,F,5,4
D,K,4,8
N,G,12,4
H,G,11,1
T,R,37,1
S,G,9,4
P,L,1,6
K,Y,1,4
K,R,6,8
K,A,4,5
F,D,2,5
I,$,13,2
L,H,15,1
S,H,3,3
T,G,11,3
C,I,9,1
I,$,11,3
K,A,3,3
Q,D,1,7
E,N,3,11
T,G,15,2
N,L,3,8
G,P,2,15
F,L,6,3
S,H,10,1
G,Q,16,2
Q,Y,9,3
H,S,2,1
E,F,4,3
S,L,9,3
P,K,4,5
L,H,4,2
Q,Y,6,1
S,C,6,1
H,D,1,3
G,T,8,8
F,D,5,4
L,E,41,1
E,G,25,2
D,A,9,2
L,E,36,1
K,G,9,6
K,R,4,3
D,A,2,8
$,R,3,2
F,L,38,2
R,I,10,1
$,T,5,1
A,N,8,1
F,P,5,5
R,H,10,1
A,N,26,2
N,Q,20,1
A,N,24,1
S,L,12,3
R,H,36,1
A,N,23,2
R,H,38,1
N,V,21,2
N,V,24,1
L,F,6,2
N,Q,27,2
H,L,10,2
$,M,14,2
S,R,21,1
$,M,9,1
R,S,12,3
N,Q,2,3
K,K,3,7
$,M,4,2
G,N,10,2
S,W,13,2
E,V,7,3
K,H,2,5
$,M,11,2
K,K,4,1
$,M,2,5
K,H,1,7
$,M,27,1
V,P,7,3
M,E,13,1
R,S,3,5
E,V,10,3
K,H,16,1
$,M,13,1
S,R,6,4
$,M,17,1
S,W,31,1
P,V,4,10
I,C,5,1
K,K,8,1
A,$,15,4
$,M,3,4
W,H,12,1
$,M,37,1
R,S,57,1
K,H,6,1
R,R,11,1
K,G,12,2
K,C,8,1
V,S,5,2
N,G,43,1
F,E,8,4
C,$,5,4
C,Q,21,1
C,$,35,2
C,Q,20,3
C,$,36,3
F,F,47,2
D,N,4,3
C,$,3,10
K,N,2,6
C,S,4,3
K,G,3,13
E,F,13,2
P,D,30,1
C,Q,19,2
Q,P,2,6
D,A,32,1
C,$,2,8
G,S,43,1
F,E,19,1
C,$,39,2
G,T,4,8
K,G,36,1
F,E,21,1
S,I,13,1
S,N,6,5
K,E,7,1
T,D,30,1
G,S,41,2
F,E,18,1
D,F,25,1
S,P,11,2
S,K,1,14
D,P,32,1
P,A,24,1
K,C,5,2
E,A,25,2
C,$,34,3
T,S,14,1
F,E,2,2
C,S,3,3
P,A,14,2
C,$,43,1
F,F,46,1
F,E,10,1
D,C,5,1
E,S,7,5
E,Q,5,2
N,T,4,3
A,V,2,4
E,S,13,1
K,G,35,1
S,N,22,1
E,F,43,1
N,G,26,3
S,P,14,1
C,S,10,1
T,S,13,3
$,T,6,2
T,L,4,3
K,E,4,2
V,T,6,2
E,$,37,2
L,H,1,3
L,A,14,2
R,R,3,1
G,G,14,4
F,V,1,3
N,I,1,7
L,A,9,3
N,H,5,2
K,E,9,1
Q,T,4,2
V,E,7,1
C,$,9,1
D,I,6,6
M,G,8,4
S,V,6,4
F,Q,4,1
T,P,35,2
D,G,29,2
D,W,10,1
A,A,79,1
D,$,11,4
S,F,13,2
Q,N,76,1
T,V,63,1
T,L,48,1
D,$,61,1
F,Q,7,4
S,G,24,1
N,R,23,2
D,W,35,1
G,K,2,15
T,S,17,3
T,A,3,4
A,R,47,1
E,F,15,1
D,$,32,1
Q,E,19,1
A,T,26,1
Q,N,40,1
D,$,159,1
Q,E,16,1
G,C,15,2
Q,N,39,1
D,W,11,1
L,G,15,1
T,L,34,1
D,$,60,1
S,G,13,4
T,P,53,1
D,W,131,1
P,V,5,3
S,S,73,1
F,R,24,1
D,$,9,4
S,G,27,1
T,P,37,2
D,G,19,2
D,W,12,1
A,T,5,2
E,F,96,1
P,N,34,1
G,E,34,1
N,V,14,3
K,V,149,1
P,G,21,4
P,$,22,2
A,V,15,2
S,H,11,2
I,L,8,2
A,R,18,1
P,F,1,11
N,V,4,4
D,Q,14,1
Q,A,3,7
A,V,18,1
L,K,9,3
V,V,59,1
H,Q,4,1
H,I,6,2
R,F,1,5
T,K,4,3
D,Q,4,6
N,K,15,1
H,G,5,4
Y,N,8,3
W,T,2,2
D,H,10,1
M,S,3,1
H,G,33,1
K,L,7,5
G,K,25,2
Q,P,3,3
P,E,1,9
P,D,7,3
G,A,11,4
L,P,9,4
$,Q,4,1
N,D,20,4
S,H,6,2
S,I,2,9
S,F,16,1
Q,L,3,5
G,T,6,9
S,V,11,2
S,V,8,4
Q,G,13,1
D,$,8,1
P,W,1,2
K,W,3,1
K,Y,5,2
Q,F,4,2
M,I,12,1
K,Y,2,3
E,G,13,3
Q,H,1,5
M,I,22,1
E,F,2,12
K,L,9,2
V,P,6,2
K,Q,13,2
M,P,2,2
G,S,22,2
I,R,2,1
G,M,10,1
L,M,9,1
Y,T,27,1
G,M,13,1
L,M,6,2
E,F,9,2
L,D,13,5
G,F,29,1
Y,T,3,2
F,T,13,1
S,N,7,5
H,N,5,1
W,Q,16,1
F,P,30,1
Q,I,2,8
V,Y,4,5
G,K,5,9
R,$,11,3
S,F,4,5
R,S,8,1
S,L,44,1
G,C,53,1
P,G,3,15
P,N,21,3
N,T,18,2
K,$,46,1
A,T,7,3
G,P,47,1
A,F,18,2
T,N,3,7
N,F,12,3
A,E,15,1
M,G,14,1
A,G,24,2
A,K,5,3
S,V,142,1
P,S,12,5
T,P,1,6
S,P,32,1
E,T,7,3
G,V,14,1
S,T,8,3
K,$,100,1
P,R,11,1
S,K,14,2
A,K,7,3
K,$,211,1
G,C,8,2
L,R,3,6
C,T,2,2
T,M,4,1
E,K,8,2
S,C,34,1
G,C,12,2
R,L,2,6
K,S,3,3
P,N,17,1
G,V,4,13
K,P,6,2
K,$,44,2
V,F,7,1
G,P,9,3
T,M,2,4
E,K,6,5
V,N,2,6
C,T,22,1
G,P,50,1
S,W,1,3
T,A,19,1
Q,N,15,1
I,S,2,2
T,M,13,2
K,$,32,2
T,A,35,1
N,T,5,6
A,R,2,4
K,$,66,1
N,V,19,1
T,N,41,1
R,V,15,1
I,P,2,3
R,F,7,1
K,S,16,3
N,$,17,1
Q,$,208,1
Q,$,201,1
Q,$,263,1
Q,$,183,1
Q,$,211,1
Q,$,209,1
Q,$,275,1
K,P,47,1
N,V,22,2
N,D,14,1
W,$,17,1
D,Y,46,1
N,P,7,2
S,D,3,8
Q,H,52,1
L,R,10,3
A,F,11,2
K,F,3,2
L,R,8,3
P,$,4,12
V,L,21,1
K,N,21,2
E,N,66,1
P,N,11,1
D,Y,56,1
P,$,54,1
Q,H,21,1
D,Y,8,2
N,P,9,2
N,K,332,1
T,E,3,3
P,$,16,3
T,F,4,2
$,T,46,1
L,P,10,2
L,L,83,1
T,V,26,1
V,M,3,1
G,$,44,2
$,T,12,1
T,M,1,2
V,T,104,1
G,$,8,7
$,T,7,1
S,L,96,1
E,T,20,2
G,$,46,2
V,P,12,2
I,R,7,1
L,Q,15,2
M,V,4,2
K,W,104,1
Q,M,14,1
D,A,3,7
V,G,6,1
Y,$,21,2
N,L,20,3
Y,$,12,1
Q,E,1,2
R,G,2,10
S,G,11,5
H,$,15,3
M,V,6,5
V,G,7,2
S,G,21,2
F,I,15,2
D,E,17,1
K,A,11,4
M,V,14,1
A,G,23,1
G,$,22,4
L,V,25,1
K,V,15,1
G,$,38,1
N,N,22,1
G,$,25,3
N,N,20,1
N,L,50,1
W,E,28,1
D,I,3,9
Q,I,14,1
T,C,4,2
E,K,23,2
Q,I,1,5
I,$,15,3
M,L,15,1
S,D,23,1
I,K,1,6
R,M,4,2
P,D,12,1
K,F,4,2
T,I,11,2
A,Q,4,4
N,Q,5,2
N,D,22,3
L,$,6,11
S,L,16,2
N,I,6,4
S,I,22,1
V,K,6,3
L,G,8,1
Y,G,3,4
N,D,12,4
P,S,10,4
R,N,14,3
N,P,5,4
L,$,15,3
N,D,21,1
I,S,29,1
N,I,3,3
N,D,13,1
R,D,14,1
N,K,11,2
R,N,7,2
I,S,37,1
R,D,7,5
K,Y,6,2
I,V,1,3
E,R,29,2
N,D,23,1
Q,R,11,1
N,N,29,1
S,P,9,1
R,V,9,2
A,E,2,3
N,K,24,1
P,E,31,2
S,E,55,1
A,F,4,6
T,D,15,1
D,V,21,2
R,L,10,3
F,G,15,1
L,Q,8,4
N,V,6,9
T,D,17,3
T,D,13,1
P,A,20,1
R,L,17,1
L,G,29,1
S,E,51,1
K,$,38,1
F,G,8,2
L,Q,24,1
P,E,16,1
Q,A,8,1
T,D,5,2
P,A,30,1
D,I,2,3
P,F,3,5
A,S,18,1
E,I,36,4
K,R,23,2
R,F,32,1
T,A,6,2
L,$,5,6
S,C,3,2
E,R,4,5
L,G,10,1
V,S,9,1
S,$,12,4
Q,I,4,3
G,W,5,2
K,E,16,1
S,$,33,2
G,W,4,2
K,L,16,1
S,$,24,2
Q,F,1,8
G,K,10,1
W,R,1,2
E,R,13,2
D,P,17,2
V,S,2,7
R,M,2,1
H,G,20,1
T,A,25,1
R,$,33,2
D,D,23,1
G,A,35,2
A,A,13,3
N,S,187,1
Q,R,90,1
T,F,50,1
W,$,2,10
D,D,10,2
Y,G,53,1
G,P,13,2
T,V,23,2
F,T,1,6
P,Q,17,1
A,A,87,1
W,$,23,2
T,Y,19,1
P,T,30,1
G,I,91,1
F,P,15,1
W,$,1,9
W,$,448,1
D,D,27,1
G,A,33,1
D,G,111,1
Q,G,68,1
S,S,60,1
Q,R,32,1
T,F,51,1
R,A,7,3
P,T,20,2
Y,S,4,1
Y,N,22,3
P,Q,15,2
G,R,43,1
D,Q,16,1
D,Q,46,1
D,D,5,7
Y,G,12,1
A,G,116,1
Q,N,46,1
F,P,13,1
R,A,27,1
Q,S,24,1
W,$,4,2
R,A,91,1
Q,Y,33,1
S,N,12,1
G,W,6,1
G,R,16,1
G,M,54,1
A,N,19,2
D,Q,11,2
R,A,79,1
Y,R,19,1
N,Y,7,1
Y,N,149,1
T,V,3,5
P,Q,11,3
G,S,9,3
W,N,1,1
D,Q,39,1
W,$,491,1
D,V,32,1
G,I,8,4
T,Y,21,1
N,V,30,1
F,P,36,1
S,S,18,2
R,A,6,3
H,P,18,1
W,$,46,1
G,T,27,1
A,N,47,1
G,W,14,1
S,S,12,1
D,Q,1,5
D,Q,18,3
D,V,45,1
H,V,2,3
V,T,28,1
P,T,51,1
N,T,88,1
G,L,52,1
Q,G,31,1
W,$,22,1
R,G,42,1
D,N,17,2
Q,Y,4,3
N,V,13,2
L,F,1,6
G,S,21,2
C,N,1,1
A,Y,2,4
G,P,14,1
L,I,46,1
N,V,84,1
S,S,58,1
D,Q,23,1
Q,S,21,1
Y,R,5,3
D,N,6,6
G,N,23,1
V,A,8,2
Y,Q,1,2
W,S,5,1
W,N,2,1
A,N,9,3
S,N,33,2
N,A,8,3
G,N,26,1
V,A,27,1
Q,G,14,4
R,S,4,3
A,V,6,4
A,N,44,1
A,S,36,2
P,T,31,1
G,A,55,1
Q,G,27,1
S,S,7,2
D,Q,3,4
Q,S,16,1
P,T,48,1
I,G,47,1
F,R,7,1
N,V,60,1
Q,G,15,1
L,S,62,1
W,$,16,1
R,G,27,2
Q,N,9,2
G,I,60,1
F,P,17,1
G,R,18,2
D,D,7,4
G,A,38,1
A,G,40,1
N,T,28,1
N,V,34,1
Q,G,48,1
Q,D,45,1
S,N,49,1
W,$,14,1
G,A,34,2
T,A,13,1
D,G,54,1
Q,G,113,1
S,S,35,1
N,S,13,1
T,F,49,1
D,N,15,3
I,G,39,1
N,V,28,1
F,P,26,1
S,S,28,1
R,A,9,2
S,N,83,1
R,G,18,2
P,T,27,2
I,G,48,1
Q,S,18,1
W,$,10,1
H,R,68,1
R,E,7,3
G,S,19,1
C,I,12,1
L,D,43,1
K,P,5,5
I,K,17,1
W,S,15,1
T,E,9,1
T,H,14,1
S,T,16,1
G,C,40,1
S,S,20,1
T,H,29,1
K,S,23,1
Q,$,6,2
K,E,57,1
D,V,12,2
L,E,28,1
L,F,25,1
D,E,23,1
C,P,2,2
Q,$,77,1
K,P,25,2
E,F,102,1
W,S,33,1
S,L,37,1
T,T,84,1
Q,$,35,1
V,I,24,1
Q,P,10,3
F,P,7,3
T,E,8,2
E,D,7,6
T,H,12,1
F,T,9,5
Y,E,9,2
V,V,31,1
Q,P,24,2
S,S,8,2
D,K,73,1
Q,$,49,1
K,T,24,1
V,V,6,2
L,D,5,10
F,F,1,1
T,M,5,1
P,D,18,1
G,Y,19,1
P,C,4,7
R,P,20,2
L,A,6,1
V,Y,9,2
P,A,4,1
W,A,2,4
Y,$,73,1
D,I,15,1
R,P,32,1
D,G,27,1
Y,V,21,1
L,Q,22,1
K,K,39,1
D,I,27,1
E,N,18,2
P,C,5,3
R,P,6,2
R,C,6,1
F,H,6,1
K,G,7,6
A,T,6,5
N,T,10,2
P,F,21,1
G,T,32,2
Y,$,86,1
V,N,28,1
G,L,17,1
E,H,17,2
I,A,42,1
G,R,10,4
A,Q,5,3
N,R,20,2
F,H,15,1
A,T,30,1
Y,$,90,1
S,A,32,1
R,C,14,1
E,E,23,1
Y,$,104,1
K,G,15,3
C,I,7,1
S,K,12,2
Q,G,6,1
G,T,22,3
T,V,10,1
A,L,15,2
Y,$,13,2
V,L,10,1
R,C,3,4
Y,$,67,1
K,G,8,4
G,L,10,7
L,A,8,3
R,C,4,5
I,A,10,3
Y,$,22,1
K,G,23,1
A,I,5,2
T,G,26,1
G,K,45,1
T,E,7,4
P,C,1,4
R,P,38,1
L,E,21,1
N,M,1,2
T,G,10,1
A,Q,42,1
E,N,11,2
C,I,5,2
F,H,19,1
Y,$,60,1
K,G,38,1
K,G,10,3
A,I,8,2
C,Q,5,2
R,P,76,1
G,L,24,1
V,T,56,1
P,W,3,2
G,K,16,2
R,P,30,1
G,L,27,1
A,T,18,1
W,A,29,1
K,R,11,3
K,G,5,9
T,G,25,1
A,L,16,1
N,H,20,1
G,R,8,2
R,P,1,7
L,L,22,1
T,G,17,2
A,S,8,5
L,$,61,2
G,S,77,1
P,I,3,5
M,S,21,1
Q,$,57,1
Y,E,22,1
A,A,10,3
Q,$,31,2
G,S,37,1
Q,$,45,1
S,N,66,1
L,T,35,1
Q,$,33,1
S,M,4,1
K,D,49,1
Q,$,47,1
Q,$,43,2
W,T,1,2
P,N,53,1
G,S,17,1
N,E,8,2
T,E,45,1
H,G,2,4
V,E,14,1
K,$,82,1
N,K,25,1
Q,V,6,2
Q,S,32,1
A,S,10,2
Q,V,24,1
D,I,43,2
N,E,57,1
F,Y,12,2
N,I,14,1
A,S,27,2
K,F,2,1
K,Q,4,2
E,G,35,1
V,G,10,1
K,$,45,1
P,N,5,4
V,Q,3,2
K,$,57,1
N,W,1,3
Q,H,2,2
V,P,35,1
A,P,12,1
D,L,24,1
F,$,28,3
R,V,19,1
L,N,5,3
K,G,6,4
L,F,9,2
A,$,71,1
M,E,7,1
F,Q,6,1
R,E,11,1
G,G,12,4
N,F,6,4
D,L,19,2
W,A,1,2
R,$,5,6
K,P,12,1
D,I,124,1
M,I,5,1
D,K,3,5
E,V,3,6
K,P,13,1
M,I,6,3
G,Q,14,1
G,P,20,1
K,M,2,3
Q,Q,3,4
V,$,11,2
H,H,18,1
L,E,19,2
R,K,26,1
N,D,35,2
E,V,60,1
H,H,25,1
S,A,14,1
R,K,18,1
N,D,42,1
R,$,80,1
A,L,25,1
Q,T,14,1
G,K,23,1
T,K,41,1
T,I,67,1
G,I,136,1
F,G,5,4
H,I,37,1
V,P,23,1
N,M,14,1
A,N,53,1
E,$,157,1
G,I,79,1
F,G,25,1
G,W,10,2
Q,G,10,3
F,V,6,1
Q,D,2,3
E,A,3,3
E,$,122,1
G,I,90,1
G,C,7,3
G,V,22,1
D,E,108,1
R,Y,26,1
T,C,13,1
T,P,15,1
K,S,5,2
G,V,15,3
L,D,17,1
E,D,12,3
N,$,164,1
$,M,31,2
V,N,7,4
K,L,36,1
I,$,82,3
H,T,1,4
H,Q,20,1
S,H,41,1
I,$,70,1
P,V,35,1
C,S,1,4
S,H,50,1
I,$,76,1
N,I,17,2
A,E,21,1
H,Q,11,3
H,P,9,2
N,K,5,11
M,D,2,4
E,N,5,3
H,Q,15,1
Q,T,32,1
H,P,16,3
M,D,14,1
I,H,3,2
T,Q,31,1
P,T,21,1
P,K,12,1
H,Q,9,5
H,P,26,2
D,L,22,1
N,F,13,3
V,E,9,2
N,G,14,4
I,$,108,1
M,D,5,2
I,H,7,3
V,N,6,2
K,K,25,1
G,A,104,1
S,H,25,1
H,P,23,1
V,N,16,1
V,P,28,1
S,H,45,2
I,$,95,2
V,N,17,2
V,P,26,1
I,$,102,1
V,P,17,1
H,P,29,1
G,G,7,5
V,P,46,1
V,T,8,2
N,K,6,4
M,D,21,1
E,N,9,2
T,F,2,2
V,Y,1,3
I,$,126,1
V,D,21,2
H,Q,12,1
P,G,6,5
H,P,20,2
E,N,6,4
Q,I,17,1
P,T,10,1
M,D,4,3
H,Q,1,2
I,$,9,1
T,T,35,1
W,$,157,1
C,D,8,1
L,S,2,9
V,K,2,11
V,K,8,2
F,T,4,2
C,D,10,2
C,D,9,1
A,W,22,1
L,P,13,1
S,C,17,1
R,V,2,7
A,W,1,3
G,D,13,1
I,G,2,10
C,D,4,2
T,I,13,1
A,A,7,4
L,S,15,3
F,T,11,1
L,S,3,12
F,T,12,2
T,G,20,1
F,T,10,2
A,W,3,2
R,L,6,3
C,D,12,1
M,P,7,1
K,V,45,1
E,N,7,6
D,V,37,1
C,R,9,1
P,D,16,1
E,W,10,1
G,A,20,3
K,V,35,1
D,V,29,2
C,R,4,2
Q,A,2,6
E,W,6,3
E,V,35,1
T,L,7,3
A,N,4,3
M,$,562,1
M,$,526,1
N,$,526,1
A,L,49,1
C,K,1,2
Q,C,14,1
Y,C,1,4
S,K,11,3
R,C,2,1
S,$,29,4
V,N,57,1
C,R,11,1
S,S,4,2
E,S,6,1
E,S,21,1
H,P,4,1
Q,H,3,1
H,Y,2,3
R,E,71,1
E,L,16,2
D,R,45,1
I,Y,6,1
K,$,49,2
Q,F,26,1
K,T,8,4
D,R,142,1
L,L,4,5
K,$,118,1
D,R,24,1
P,L,29,1
K,S,9,1
H,Y,6,2
D,R,29,1
I,E,19,2
D,Q,2,3
D,N,2,6
K,T,9,5
D,R,28,1
E,N,20,2
D,R,36,1
L,T,5,5
D,R,31,1
R,E,79,1
L,D,18,2
P,L,13,1
K,$,112,1
D,R,82,1
K,$,78,1
D,R,102,1
K,$,60,1
$,R,92,1
S,S,15,2
Y,E,1,6
Q,K,4,2
L,$,11,5
$,A,10,1
K,E,2,2
L,$,26,3
K,H,89,1
T,S,10,3
C,P,6,2
M,M,19,1
Y,E,54,1
C,R,2,1
L,I,8,2
A,C,4,2
M,M,36,1
V,L,16,1
L,A,19,2
E,$,17,3
S,L,15,1
G,K,19,2
M,S,2,1
S,L,20,1
L,S,31,1
E,F,30,1
H,Y,4,1
N,K,19,1
G,K,11,2
K,A,8,4
K,A,9,2
V,T,4,3
$,T,14,1
D,H,3,1
R,E,12,1
N,L,43,1
D,K,5,5
R,E,16,3
D,W,2,2
G,M,3,3
L,G,13,2
N,L,33,1
V,G,35,1
P,T,17,1
G,K,8,4
R,I,39,1
F,V,7,1
R,I,7,1
C,T,5,1
G,C,9,2
M,N,1,2
N,H,2,6
$,E,2,1
A,D,19,1
A,L,10,1
E,P,10,1
L,$,68,1
M,E,1,2
R,P,4,7
E,L,11,3
A,I,2,1
Y,D,8,1
A,I,3,4
S,S,42,1
I,D,14,4
F,C,15,1
A,$,57,1
Y,F,2,2
I,D,11,2
$,A,15,1
D,V,5,8
Y,D,5,3
P,E,2,5
K,S,42,1
F,C,13,1
Q,P,9,2
Q,C,8,1
Q,C,1,2
R,E,53,1
D,E,14,1
Y,Q,15,1
L,$,59,2
T,N,2,5
V,K,13,3
T,N,36,1
T,A,5,4
R,$,6,4
N,G,35,1
V,M,1,2
T,A,15,1
E,K,36,2
P,E,3,7
A,L,47,1
R,P,22,1
Q,V,53,1
R,A,51,1
Y,L,36,1
A,L,28,1
R,P,14,2
Q,V,34,1
R,A,28,2
Y,L,24,1
Q,A,28,1
R,V,34,1
Q,K,12,1
P,N,31,1
N,$,19,3
P,H,6,1
Q,Y,1,2
L,H,3,1
Q,Y,2,2
G,$,15,2
T,F,3,3
E,E,79,1
V,D,8,2
E,G,68,1
S,L,4,5
G,E,78,2
A,D,7,4
G,E,79,1
V,R,16,1
L,L,15,3
A,P,9,1
H,L,5,2
E,E,96,1
A,D,24,1
A,$,38,3
A,A,17,2
G,E,32,1
E,E,73,1
F,G,7,2
C,P,1,2
F,E,6,5
F,H,10,2
Q,D,7,2
G,K,6,10
Q,D,10,1
F,E,5,1
K,$,43,1
F,E,12,2
Q,G,5,1
Q,D,12,1
L,L,3,4
E,K,9,3
V,K,4,5
I,N,10,2
F,E,11,3
Q,D,11,1
F,E,7,2
P,Q,7,2
F,E,16,1
Q,G,8,1
P,G,18,1
L,L,9,2
F,H,9,1
P,G,12,1
E,A,21,2
A,F,12,1
H,A,15,1
P,M,7,1
H,A,20,1
R,H,2,2
A,F,73,1
I,G,7,6
H,A,6,1
K,V,20,1
D,A,16,2
P,V,16,1
D,$,52,1
E,K,17,2
E,G,47,1
I,G,9,4
N,H,12,1
E,K,20,2
D,P,8,2
Y,V,29,1
P,H,4,1
I,L,3,5
D,$,95,1
F,I,9,1
E,G,37,1
E,P,22,1
R,H,3,1
P,Y,26,1
Y,V,9,1
D,I,11,1
I,P,8,2
D,$,57,1
K,V,30,1
Y,V,43,1
T,M,3,1
D,$,82,1
L,N,11,1
H,A,11,1
Y,R,11,1
D,$,79,1
E,K,28,1
Y,V,28,1
D,$,96,1
R,H,24,1
D,$,39,2
V,D,11,2
R,D,27,1
A,K,6,1
R,L,30,2
E,$,26,2
$,A,3,1
L,N,3,2
A,S,26,1
V,L,3,3
$,A,11,2
H,R,36,1
E,$,35,1
$,A,39,1
R,L,28,1
E,$,97,1
$,A,45,1
L,L,17,1
E,$,32,2
S,A,10,2
S,$,46,2
N,M,10,2
H,E,10,2
G,M,6,1
M,S,9,2
H,E,7,2
F,$,49,1
P,R,6,1
G,$,21,2
Q,G,11,2
E,R,47,1
T,D,11,1
H,W,24,1
E,R,5,1
Q,G,12,3
E,G,7,2
E,R,32,2
Q,G,18,2
G,Y,4,4
V,R,5,3
I,K,11,2
H,W,2,1
H,W,1,1
E,R,17,2
Q,G,19,1
E,R,14,1
Q,D,6,1
R,H,19,1
V,F,2,3
G,T,24,1
M,G,15,2
L,N,46,1
G,I,127,1
G,H,7,4
T,R,16,1
D,A,27,1
G,L,13,1
G,T,10,3
F,R,23,1
L,L,7,2
G,T,26,1
M,G,18,1
L,L,10,3
T,R,24,1
M,G,3,4
A,N,51,1
A,A,71,1
G,T,18,1
L,L,21,1
L,L,12,1
T,R,14,1
L,N,15,2
A,I,7,2
P,$,26,2
I,N,49,1
A,N,10,1
I,V,92,1
E,M,25,1
T,D,12,1
K,S,7,1
N,T,25,1
A,K,4,6
T,K,33,1
E,S,5,1
D,K,12,1
S,D,37,1
K,N,19,1
A,K,37,1
D,K,11,1
$,T,33,1
P,E,37,1
N,T,27,1
F,$,36,2
$,P,29,1
N,T,21,1
$,P,9,1
F,$,41,2
R,P,31,2
V,H,13,1
F,R,17,2
L,T,23,2
F,R,8,1
H,S,13,1
A,S,23,1
F,R,15,2
E,A,9,3
T,Y,16,2
F,P,3,6
E,D,14,2
A,S,33,1
R,K,69,1
N,V,31,1
S,$,165,1
F,P,4,7
T,N,11,1
I,D,2,4
E,A,14,2
$,A,2,4
D,F,8,2
E,A,6,3
S,$,51,1
R,P,18,1
P,Q,6,1
F,R,9,1
S,V,34,1
D,F,43,1
R,K,15,1
D,A,15,2
S,$,89,1
A,S,6,1
F,P,2,2
E,A,12,1
V,K,10,3
L,H,6,1
L,G,30,2
G,I,10,2
V,$,15,2
K,V,50,1
K,L,32,1
T,T,18,1
I,$,106,1
V,Y,17,1
E,Q,67,1
I,$,73,1
K,I,37,1
K,L,137,1
G,N,33,1
I,$,157,1
G,Y,11,3
L,S,68,1
R,T,10,2
I,$,87,1
Q,E,56,1
L,S,55,1
D,S,33,1
R,T,38,1
Q,T,64,1
R,T,246,1
N,E,26,1
I,$,184,1
G,I,22,1
L,Y,80,1
D,S,14,1
N,C,5,1
I,$,88,1
Y,N,55,1
S,P,10,2
S,G,59,1
E,T,40,1
I,$,116,1
S,Q,20,1
S,G,96,1
I,$,85,1
Y,N,28,2
S,G,141,1
K,S,19,1
T,E,31,2
K,L,34,1
A,E,28,1
N,G,119,1
K,S,8,1
I,$,37,1
L,S,35,1
M,G,4,3
K,I,44,1
L,S,140,1
K,M,21,1
G,N,9,2
E,T,42,1
I,$,105,1
G,T,34,1
L,S,24,1
I,$,164,1
G,Y,38,1
K,V,31,1
G,K,75,1
D,S,10,2
K,S,17,1
G,Y,27,1
S,G,137,1
N,C,8,1
I,$,30,1
Y,N,153,1
K,M,43,1
R,T,43,1
I,$,78,1
S,Q,16,1
G,Y,9,2
M,G,7,1
F,H,24,1
K,L,53,1
N,C,3,3
I,$,67,1
V,Y,18,3
M,G,30,1
H,I,1,5
G,K,35,1
S,T,28,1
I,$,127,1
Y,N,30,1
G,K,142,1
I,$,245,1
I,I,2,3
K,V,37,1
G,K,146,1
I,L,30,1
N,E,42,1
I,$,110,1
L,S,180,1
K,M,11,3
N,C,6,1
I,$,34,1
$,M,39,1
Q,E,37,2
G,$,73,2
Q,Q,7,1
N,G,13,2
G,T,14,2
T,Y,9,3
D,Y,10,1
E,G,21,1
Y,G,33,1
Q,$,12,6
S,C,5,1
R,N,43,1
D,I,83,1
T,G,14,1
I,P,18,2
T,G,19,1
I,P,12,1
S,S,6,1
I,G,17,1
A,P,5,6
Q,G,28,2
W,A,6,2
W,D,6,2
P,L,17,1
A,M,34,1
D,G,14,2
F,V,24,1
Y,N,12,2
D,Y,7,3
K,N,14,2
G,N,58,1
F,V,21,2
A,L,12,1
H,P,5,5
Q,P,14,2
K,N,35,1
M,A,3,2
H,G,13,1
D,I,21,1
L,G,11,2
G,I,12,1
K,R,1,3
K,H,35,1
M,$,27,1
K,H,29,1
A,S,20,1
P,E,20,1
M,$,22,1
A,P,26,2
G,A,10,5
E,V,9,4
A,P,25,4
Q,W,1,1
L,$,27,2
R,F,4,4
R,F,5,2
T,I,10,1
G,W,9,1
W,G,10,1
G,F,63,1
F,N,55,1
W,L,3,1
P,N,9,3
F,N,18,2
F,L,2,2
K,F,6,4
G,F,85,1
N,C,49,1
F,L,7,2
G,F,71,1
Y,P,6,3
H,Y,3,2
N,C,53,1
G,F,39,1
N,C,54,1
Q,L,10,2
G,F,56,1
F,N,57,1
N,H,18,1
K,F,8,1
V,T,3,3
H,N,12,1
L,D,21,1
F,N,17,1
D,Y,1,1
A,Q,6,4
T,C,9,1
R,E,18,2
M,G,1,3
H,I,2,6
P,E,34,1
W,L,19,1
A,$,22,1
A,D,13,2
H,R,25,1
N,E,25,1
P,Q,13,1
M,V,13,1
N,P,28,1
H,C,6,1
N,P,18,2
H,C,3,3
E,F,6,3
C,D,3,3
N,P,26,1
T,P,44,1
V,N,23,1
V,N,19,1
V,N,24,1
N,P,17,1
C,Q,60,1
K,E,37,1
G,H,11,2
T,$,20,3
N,P,21,2
N,P,32,1
G,K,26,3
R,A,13,2
T,Q,1,3
M,V,17,1
F,G,4,2
N,P,56,1
N,P,31,1
H,C,1,1
P,V,11,3
F,A,6,2
H,C,12,1
P,A,8,1
A,F,9,1
N,P,24,1
N,P,30,1
G,K,28,1
T,$,31,1
P,V,18,1
N,P,20,2
Q,D,28,1
W,D,3,3
P,I,5,1
I,F,1,6
I,P,7,2
Y,$,32,1
Y,$,29,1
L,S,10,2
V,P,2,6
A,H,3,1
S,T,11,1
G,I,26,2
G,I,20,1
G,F,20,1
T,N,8,2
R,S,25,2
L,R,5,6
L,D,14,1
W,K,4,1
L,R,13,2
E,L,14,1
G,T,17,4
$,Q,7,3
N,R,5,1
W,$,19,1
N,R,4,3
W,$,20,1
W,$,11,1
G,P,11,4
G,$,19,2
V,N,59,1
M,R,35,1
S,D,44,1
I,K,5,3
R,K,12,1
R,$,50,1
N,D,17,1
G,V,10,2
P,D,31,1
A,Y,30,2
R,$,109,1
T,A,30,1
N,A,43,1
R,$,49,1
Q,Y,85,1
S,P,15,1
D,G,17,1
K,N,61,2
G,L,18,2
R,$,58,1
G,K,52,1
T,A,24,1
A,K,60,1
R,T,40,1
D,G,36,4
R,$,66,1
R,$,28,1
Y,E,10,1
K,S,10,2
R,$,52,3
V,N,65,1
M,R,37,1
D,G,40,1
A,W,50,1
R,T,33,1
Y,E,2,4
I,K,27,1
Y,V,35,1
K,A,30,2
R,$,59,1
W,G,33,1
R,$,42,1
W,Y,17,1
S,N,38,1
D,R,26,2
N,A,28,1
V,D,28,1
I,N,5,3
P,E,24,1
P,A,6,4
L,G,19,1
Q,E,2,2
P,P,24,1
I,E,22,1
H,C,4,1
V,$,5,11
V,V,26,1
C,$,185,1
C,A,6,1
V,S,33,1
R,I,36,1
C,$,66,2
F,D,28,1
M,V,38,1
P,K,13,1
$,K,4,2
P,E,9,1
R,N,15,1
R,Y,23,1
S,E,4,2
E,D,11,1
C,$,10,1
K,C,63,1
M,V,34,1
C,$,18,1
C,W,2,1
C,$,7,2
Q,L,99,1
M,V,1,2
C,$,27,1
K,R,44,1
P,K,82,1
E,M,31,1
E,V,12,2
F,H,34,1
C,$,11,1
C,A,47,1
L,V,55,1
T,R,28,1
$,K,94,1
N,R,29,1
E,M,104,1
H,P,27,1
E,P,11,3
C,W,1,1
L,L,5,3
C,$,20,1
K,C,2,2
V,R,53,1
C,$,25,1
C,A,4,1
M,V,50,1
P,K,10,1
$,K,6,2
V,I,10,1
K,F,5,1
E,D,13,3
C,A,5,1
V,S,12,1
I,V,66,1
E,D,9,3
D,P,105,1
Q,$,74,1
S,R,7,2
Y,L,31,1
Q,E,15,2
Q,$,69,1
$,A,107,1
G,S,16,2
R,L,42,1
Q,E,50,1
A,A,18,1
S,Y,33,1
F,Q,2,2
Q,$,75,1
K,L,22,1
Q,E,24,1
A,A,16,2
D,A,10,2
L,I,6,1
Q,E,43,2
Q,$,32,1
A,I,26,1
S,R,10,2
A,A,39,2
I,I,18,1
I,Y,4,2
D,A,28,2
I,I,11,1
Q,E,14,1
D,A,7,4
I,Y,2,2
P,V,28,1
D,A,75,1
Q,$,22,3
$,A,134,1
G,S,13,3
Q,E,44,1
$,M,108,1
P,L,16,2
I,C,1,2
R,L,53,1
T,G,37,1
K,$,104,1
F,G,6,1
K,R,9,3
S,K,29,1
K,R,14,3
S,$,66,2
M,Q,1,1
S,$,26,2
R,P,21,2
A,G,25,1
G,Y,8,1
R,P,12,1
D,A,14,2
E,L,6,7
E,H,12,1
A,H,2,2
Y,V,7,1
Q,L,6,14
K,A,6,4
I,N,4,5
L,V,21,1
N,H,24,1
A,W,16,1
R,P,11,1
I,C,12,2
R,L,31,1
D,R,8,2
N,W,5,1
K,A,12,1
R,P,5,2
I,C,9,2
P,I,12,3
R,L,61,1
H,N,11,2
P,V,17,1
V,G,14,2
K,Y,18,1
G,R,23,1
G,I,18,1
C,N,13,1
Y,D,18,1
H,H,7,1
R,P,29,1
L,P,11,2
L,V,30,1
Y,V,36,1
F,E,1,4
L,V,32,1
Y,V,37,1
N,H,19,1
T,R,18,1
E,$,15,2
N,N,10,4
P,P,21,1
W,Y,1,1
I,S,10,1
T,P,86,1
G,I,30,2
N,T,3,7
G,$,20,3
G,$,27,1
P,R,62,1
T,E,23,1
I,N,8,2
I,A,9,1
P,R,88,1
I,G,24,1
T,T,9,1
V,H,9,1
G,$,18,4
G,I,6,3
G,$,29,1
G,$,30,2
E,K,24,1
P,R,170,1
D,S,12,2
T,T,25,1
R,A,85,1
R,K,16,1
D,N,12,2
H,P,11,1
$,S,3,5
D,K,10,2
K,G,25,2
G,C,5,3
$,S,8,2
Q,E,10,1
R,Y,1,6
$,S,5,4
D,P,20,1
L,S,20,1
F,K,5,2
Q,D,81,1
E,S,8,3
R,Q,10,4
A,Y,4,2
Q,$,42,1
Y,R,2,4
R,Q,5,3
K,R,7,5
F,V,34,1
A,E,8,4
R,M,10,2
M,$,34,3
F,V,37,1
F,Y,3,1
I,R,20,1
E,Y,9,1
M,$,57,1
E,F,21,1
D,I,34,3
M,$,56,1
N,V,17,1
F,V,30,1
F,Y,1,1
E,F,22,1
Y,P,8,1
E,F,20,1
M,$,50,1
F,Y,21,1
F,V,23,2
P,M,1,3
E,F,25,1
C,R,5,1
M,$,31,1
P,N,7,2
Y,A,24,1
M,$,33,1
L,E,31,1
D,L,18,1
P,D,15,1
A,$,30,3
Q,P,12,1
S,I,30,1
H,G,4,2
D,S,34,1
R,L,3,5
D,S,4,4
M,H,3,2
M,H,1,1
Q,V,3,1
N,F,36,1
Y,V,2,2
D,K,18,1
Q,T,46,1
S,$,163,1
N,L,54,1
Q,T,10,2
R,E,32,1
Q,E,4,6
V,P,4,3
Q,T,95,1
E,Y,81,1
R,W,2,3
N,Y,12,1
E,F,46,1
Q,T,6,3
D,K,33,1
Q,T,26,1
S,$,204,1
F,F,23,1
S,$,185,1
F,R,35,1
R,Q,31,1
Y,V,1,1
F,D,3,1
E,N,22,1
Q,T,22,1
F,R,61,1
Q,T,9,2
V,P,9,1
F,D,11,1
V,R,24,1
Q,T,40,2
E,A,85,1
G,P,7,2
Q,T,31,1
E,Y,76,1
Q,E,13,1
Q,T,12,2
S,$,41,1
N,L,57,1
G,R,3,7
Y,V,11,1
P,G,11,1
E,N,29,1
Q,T,69,1
F,R,67,1
R,E,47,1
Q,T,5,1
A,F,52,1
E,Y,5,2
E,L,12,2
F,D,10,1
R,E,19,1
Q,T,11,1
G,E,56,1
V,R,22,2
F,R,93,1
T,Q,30,1
E,A,140,1
Y,V,17,1
Q,T,43,1
F,R,19,1
T,Q,10,1
S,$,179,1
F,F,4,1
Q,T,23,1
R,E,20,1
Q,T,18,3
R,E,43,1
E,N,73,1
Q,T,21,1
E,Y,3,2
F,S,21,1
S,$,68,1
F,A,2,2
K,T,46,1
E,N,14,1
S,$,155,1
$,M,76,1
F,Y,5,1
L,$,38,1
L,A,12,1
W,S,18,1
K,T,23,1
I,G,12,2
P,S,37,1
R,K,36,1
L,A,38,3
E,Q,7,2
G,N,11,2
L,N,6,6
Q,$,73,1
R,K,39,1
L,A,37,1
G,M,8,3
H,I,16,1
L,A,72,1
F,L,9,1
S,I,23,2
Q,W,9,1
N,L,10,3
E,R,6,6
D,Q,51,1
K,Q,17,1
Q,$,28,2
L,I,18,1
Y,L,52,1
K,Q,25,1
I,Y,19,1
L,A,52,1
E,L,13,3
S,Q,30,1
N,V,7,1
G,R,20,2
L,T,14,1
N,S,15,1
V,G,11,1
Q,$,20,1
P,W,68,1
L,A,26,2
N,N,24,1
K,D,23,1
E,F,7,3
W,S,11,1
D,Q,37,1
P,S,24,1
L,A,51,1
I,G,50,1
G,R,56,1
Q,$,23,2
P,V,12,3
S,G,8,4
R,K,22,1
E,L,9,3
W,S,37,1
R,K,24,1
A,G,6,3
Q,W,10,1
E,L,20,3
Q,I,6,2
S,G,14,1
Q,$,44,1
L,A,57,1
Q,W,8,1
Y,F,10,1
E,R,7,6
I,G,53,1
M,F,1,3
G,R,59,1
T,T,13,1
K,L,15,1
L,R,1,3
R,K,43,1
D,L,15,1
F,E,33,1
W,T,23,1
D,Q,6,1
P,K,11,3
H,I,4,2
I,L,9,1
P,V,10,3
T,W,5,1
R,K,42,2
Q,P,6,3
G,F,21,1
P,E,12,2
E,L,19,2
G,L,8,4
R,K,53,1
L,A,35,1
D,I,32,1
E,W,29,1
Q,$,25,2
L,A,36,1
D,T,9,3
G,F,22,1
D,Q,10,2
P,K,5,1
S,V,2,3
G,G,79,1
A,F,3,1
L,M,17,1
T,E,14,1
Y,M,7,1
L,A,4,2
A,$,50,1
Q,$,58,1
T,T,45,1
R,R,20,1
E,R,42,2
R,V,11,1
E,R,34,1
P,T,38,1
G,E,23,1
T,T,50,1
P,L,6,3
R,D,13,1
R,R,14,1
Q,$,67,1
$,K,46,1
N,D,11,2
Q,T,1,3
D,Q,40,1
L,E,16,2
A,W,19,1
H,A,8,1
T,N,61,1
E,Y,36,1
G,S,14,2
D,E,13,3
N,L,18,1
H,M,39,1
I,V,36,1
T,$,24,1
D,R,13,2
T,N,52,1
K,P,9,1
D,R,5,12
N,I,12,1
P,K,65,1
S,E,22,1
S,M,6,2
R,K,44,1
S,K,35,1
I,C,17,1
T,F,8,1
L,V,9,1
T,$,10,3
L,E,90,1
S,M,7,1
P,S,73,1
I,C,70,1
N,A,13,2
T,$,62,1
I,P,9,2
T,N,100,1
S,G,19,2
K,P,58,1
E,S,17,1
N,L,36,1
F,D,23,1
S,D,35,1
K,I,42,1
R,N,8,2
D,R,6,4
D,I,104,1
S,E,20,1
F,F,18,1
T,N,58,1
K,P,15,2
N,I,52,1
S,W,3,3
T,N,14,1
S,D,88,1
L,E,9,1
N,T,14,2
S,K,10,3
S,S,13,2
I,S,88,1
I,C,11,1
D,K,21,1
T,$,34,1
W,I,25,1
L,T,32,1
T,Y,24,1
P,K,22,1
K,P,55,1
K,D,45,1
F,D,44,1
I,P,51,1
D,E,25,1
K,P,32,1
L,E,96,1
D,L,16,1
S,K,70,1
I,C,71,1
N,A,10,2
K,S,12,2
T,$,54,1
Q,M,20,1
G,S,64,1
T,R,21,1
I,S,64,1
T,$,37,1
Q,M,47,1
L,E,6,2
S,K,36,1
T,N,54,1
L,E,95,1
L,E,15,1
P,S,79,1
C,N,69,1
N,A,15,2
K,S,15,1
T,$,53,1
L,E,44,1
E,D,74,1
E,C,86,1
F,F,19,1
R,P,8,2
Y,N,9,1
T,$,77,1
P,F,47,1
P,R,13,1
Y,F,14,1
D,W,1,1
N,C,18,1
L,P,80,1
F,T,22,2
T,R,9,1
S,D,11,1
E,G,20,2
D,N,7,4
S,I,3,2
F,T,6,2
N,I,7,2
V,E,12,1
S,W,4,1
E,R,10,1
Y,H,30,1
K,A,46,1
M,P,12,1
D,D,4,6
H,$,26,1
Y,H,27,1
H,V,1,3
K,A,44,1
Q,R,3,2
H,$,23,1
M,S,27,1
K,V,44,1
D,D,16,3
S,Q,3,6
L,G,9,5
A,Q,16,1
V,V,100,1
H,E,73,1
E,M,5,1
V,V,64,1
Q,D,29,1
P,A,11,1
N,R,17,1
N,R,30,1
F,$,11,3
K,H,30,1
K,Q,10,1
S,L,27,1
K,D,13,2
G,Y,35,2
M,V,23,2
S,L,22,1
I,D,13,2
K,G,13,2
K,P,7,3
E,E,34,2
Q,P,22,1
M,D,13,1
C,Q,13,2
P,L,34,1
M,R,21,1
K,A,15,1
R,G,61,1
L,T,276,1
Y,E,23,1
T,Y,2,5
M,L,4,1
A,V,9,1
V,$,72,1
N,Y,8,1
I,A,28,1
L,Q,4,1
M,L,1,1
M,R,23,1
R,G,24,1
A,N,25,1
E,V,19,1
K,I,10,1
S,A,31,1
A,G,28,1
G,Y,6,3
E,I,22,2
T,I,41,1
D,P,13,1
D,Y,14,2
$,T,1,1
T,I,33,1
V,K,31,1
P,D,23,3
N,N,9,1
S,F,2,2
G,V,43,1
V,N,13,1
P,D,25,1
W,D,7,1
T,I,43,1
V,W,5,1
K,I,14,2
R,M,35,1
G,$,61,2
$,M,1,5
K,G,30,1
L,K,10,1
R,$,41,1
D,T,15,2
G,G,8,2
F,K,29,1
R,Q,1,1
H,K,4,3
K,D,22,1
I,A,5,4
A,K,42,1
V,Y,3,2
Q,D,3,2
E,K,50,1
D,F,6,2
A,K,19,2
E,K,26,1
I,A,8,2
P,A,2,4
W,E,8,1
V,R,9,1
L,G,97,1
N,H,42,1
G,L,15,2
T,N,7,4
D,G,31,1
L,$,41,5
D,W,19,1
H,S,27,1
K,D,14,1
G,L,19,2
T,N,35,1
N,E,21,1
V,L,15,2
K,T,26,1
E,S,14,1
H,F,3,1
N,M,3,4
K,M,14,1
T,P,32,1
V,$,8,11
T,W,83,1
C,H,38,1
P,Q,26,1
L,H,8,1
K,G,71,1
N,L,13,1
G,$,150,1
T,W,69,2
C,H,36,1
P,Q,16,2
L,H,7,1
G,F,10,5
K,G,66,1
G,$,142,1
E,W,2,4
T,G,36,2
H,S,19,1
W,C,1,1
D,I,66,1
D,V,14,1
T,$,142,1
Q,L,11,1
D,M,1,1
I,S,3,2
I,A,6,1
C,V,9,2
F,G,21,1
Q,A,13,1
L,S,7,2
D,D,13,1
K,M,8,1
$,S,39,1
Y,I,40,1
E,R,12,1
G,N,13,1
E,P,18,1
Y,W,4,1
L,V,3,4
A,N,12,2
A,S,15,2
A,Y,1,2
E,P,9,1
C,Q,1,2
G,V,32,1
G,V,28,2
E,P,26,1
P,C,12,1
C,Q,2,1
A,K,17,1
Q,Q,4,1
D,R,17,1
N,I,11,2
M,V,3,2
W,E,3,1
L,$,352,1
V,R,527,1
D,S,31,1
P,Q,33,1
L,P,21,2
N,T,73,1
L,D,527,1
G,L,31,1
A,P,33,1
V,M,21,1
$,L,1,15
T,G,13,2
E,M,20,1
E,M,22,1
R,$,34,1
I,E,13,1
Y,E,4,1
L,$,33,1
N,R,218,1
G,I,19,1
S,I,33,1
D,V,18,2
R,I,222,1
S,F,34,1
Q,P,27,1
N,S,21,2
S,I,43,1
Y,G,40,1
R,I,170,1
E,W,5,1
N,L,24,1
I,A,15,1
P,N,20,2
S,I,42,1
P,N,10,2
P,Y,4,2
M,K,20,1
Q,P,23,1
S,I,19,2
H,D,2,2
M,K,18,1
G,P,6,2
N,L,9,1
R,F,8,1
K,D,82,1
I,G,64,1
D,G,21,2
K,Y,22,1
H,N,2,3
M,G,11,1
Y,H,16,1
S,L,17,2
D,P,187,1
S,$,93,1
H,R,13,1
S,D,39,1
S,$,22,3
S,L,18,1
L,H,2,1
H,P,14,2
P,G,29,1
S,$,75,1
S,L,19,4
G,F,15,2
H,R,4,2
I,V,8,1
Q,G,9,1
G,Y,156,1
I,I,34,1
S,$,14,3
K,G,11,2
E,T,11,1
Q,Q,6,1
S,W,6,1
I,I,147,1
D,H,13,1
T,F,44,1
K,K,32,1
F,F,30,1
C,H,3,2
C,$,70,1
A,S,32,1
Q,T,13,2
G,K,14,3
F,F,7,1
D,Q,5,10
W,E,21,1
D,A,51,1
G,K,22,1
C,$,47,1
K,A,33,1
Q,T,15,1
R,G,14,3
Y,F,17,1
Q,Y,7,2
I,W,10,1
C,$,19,1
D,K,343,1
C,$,104,1
M,K,16,1
Q,T,41,1
A,G,48,1
D,G,60,2
D,Q,8,3
C,$,106,1
Y,F,27,1
C,$,15,2
K,A,35,1
F,Q,9,1
R,G,28,1
Y,F,39,1
H,L,41,1
C,$,58,1
C,Q,10,1
V,A,43,1
P,S,184,1
C,$,155,1
$,D,357,1
A,K,28,1
C,$,71,2
Q,T,8,1
M,N,7,1
D,Q,7,2
M,G,21,1
C,$,23,1
Y,L,15,2
Q,M,34,1
Y,F,25,1
Q,T,73,1
V,A,26,1
C,H,1,1
S,Y,44,1
Q,T,19,1
Q,M,4,1
P,L,30,1
K,E,22,1
Q,T,7,1
C,$,50,1
G,D,191,1
C,$,87,1
H,S,122,1
C,$,91,1
Q,K,5,2
I,C,2,1
G,$,33,2
D,Q,12,1
E,I,57,3
A,F,34,2
G,T,40,1
D,Q,32,3
E,I,56,1
A,F,33,1
G,T,39,3
E,$,12,1
Q,D,4,1
A,A,6,5
E,I,32,1
V,L,11,2
G,H,6,3
G,V,39,2
I,D,6,4
E,I,12,1
G,T,131,1
A,F,32,1
E,I,35,1
$,I,2,3
P,G,56,1
A,I,30,1
Y,G,11,2
G,L,41,1
A,L,39,1
C,G,10,2
N,F,23,1
T,V,9,1
L,A,10,1
H,S,25,1
A,$,26,2
S,I,11,1
H,Y,16,1
T,F,14,1
H,Y,11,1
L,C,3,1
N,G,23,1
N,G,52,1
R,S,21,2
R,Y,29,1
V,E,13,1
G,N,40,1
N,G,21,2
Q,L,29,1
Y,A,11,1
Y,$,18,3
P,A,45,1
N,G,30,2
R,S,17,2
V,V,24,1
L,M,5,1
N,G,25,1
V,V,22,1
N,G,68,1
Y,$,54,1
C,V,1,2
N,G,24,2
D,D,26,1
L,C,5,4
G,N,12,1
Y,A,2,2
C,V,5,2
W,N,4,1
L,D,48,1
G,I,21,1
G,P,10,1
M,$,124,1
V,Q,11,2
M,$,157,2
K,T,37,1
N,Q,12,1
M,$,177,1
M,G,67,1
T,Q,17,2
M,$,133,1
G,S,48,1
K,L,40,1
E,Y,7,1
N,S,31,2
E,Q,124,1
G,V,33,2
F,G,30,2
M,$,80,1
N,Q,10,3
E,Q,132,2
G,G,33,1
M,$,67,1
G,P,17,1
N,Q,11,3
M,$,191,1
M,G,68,1
M,$,130,1
M,$,332,1
M,$,160,2
G,G,31,2
F,G,32,1
M,$,68,1
E,L,67,1
P,H,56,1
H,W,20,1
N,S,12,1
R,N,39,1
M,$,272,1
S,V,15,1
M,$,96,1
E,L,144,1
P,H,165,1
V,H,42,1
K,T,15,1
M,$,59,1
E,L,148,1
P,H,166,1
V,H,40,1
K,T,14,1
M,$,62,1
S,V,115,1
R,E,9,1
A,G,21,1
Y,S,13,1
V,$,104,1
K,T,96,1
K,T,79,1
R,C,11,1
V,$,121,1
A,N,97,1
V,R,13,1
P,C,6,1
H,$,4,1
H,$,2,11
Q,Q,10,1
T,P,10,2
K,C,4,3
P,L,15,1
H,I,23,1
R,P,17,1
P,A,5,2
P,R,12,1
C,S,7,1
P,C,3,2
T,C,6,1
K,I,20,1
K,M,3,3
A,P,8,1
L,E,10,1
I,L,10,1
D,$,23,2
V,Y,11,2
I,S,5,2
G,I,9,1
P,A,9,1
R,H,16,1
I,K,8,1
Q,N,7,1
P,D,17,1
T,G,18,1
P,W,5,2
P,H,11,2
N,$,47,1
T,G,16,1
P,W,6,2
P,H,9,1
E,H,16,1
W,Q,9,1
V,$,9,5
L,T,20,1
V,F,18,1
Q,L,5,2
G,T,15,2
R,Q,13,1
M,R,3,1
Q,L,8,3
H,G,19,1
R,Q,4,3
L,K,25,1
Q,L,17,1
R,Q,9,2
R,Q,24,1
L,T,10,4
K,$,55,1
H,G,14,2
K,E,28,1
T,Y,15,1
K,$,36,1
R,Q,26,1
H,G,28,1
K,E,13,1
R,Q,6,2
D,E,48,1
V,M,4,1
G,T,7,2
R,I,28,1
M,R,67,1
R,Q,32,1
K,$,40,1
Q,A,21,1
E,I,8,1
H,Q,21,1
Y,I,1,1
M,N,4,2
G,Q,4,4
E,I,10,2
P,M,3,1
E,E,10,1
M,E,6,2
G,E,30,1
M,N,2,2
M,E,12,1
G,E,11,1
V,$,27,1
D,N,13,2
L,I,7,1
R,Q,33,1
N,D,10,1
D,$,19,2
R,Q,16,1
P,N,19,3
A,C,3,1
R,T,28,1
H,$,11,1
R,Q,11,2
R,Q,2,2
A,Y,16,1
C,E,2,3
T,D,18,3
E,T,26,1
A,M,3,1
L,A,16,1
P,$,53,1
A,C,1,2
A,M,2,1
$,K,3,3
T,D,6,2
M,D,6,1
$,K,13,1
T,A,18,2
D,T,39,1
D,T,33,1
S,V,7,1
I,L,20,1
N,N,33,1
V,N,5,4
K,I,11,1
K,V,6,5
L,I,4,1
K,N,9,1
D,A,8,4
Y,N,10,1
N,N,11,2
Y,N,58,1
N,N,36,1
E,Y,20,1
P,Y,7,1
Q,A,12,1
P,$,12,3
L,Q,20,1
N,N,34,1
Y,T,20,1
W,L,2,1
N,F,35,1
N,S,10,2
N,N,30,1
N,W,11,1
F,I,17,1
Y,N,7,3
N,N,26,1
G,E,19,2
V,P,11,1
$,G,10,1
S,G,49,1
K,Y,25,2
Y,S,5,1
H,L,13,1
A,$,72,1
F,N,21,1
I,$,29,1
V,T,24,2
P,L,14,1
F,N,19,1
F,Q,11,2
P,I,10,1
G,$,16,1
K,P,26,1
I,Y,3,1
I,W,2,2
G,$,9,3
F,Q,3,1
C,I,2,4
$,D,5,1
F,Q,8,1
P,Y,1,2
Q,N,13,1
N,W,9,2
K,S,39,1
D,L,37,1
$,G,2,2
Q,Q,19,1
E,P,5,3
Q,L,28,1
D,L,38,1
L,$,43,1
D,L,44,2
P,W,7,1
D,D,8,1
D,L,39,1
W,E,9,1
S,C,35,2
L,$,56,1
F,Y,32,1
W,Y,24,1
L,$,48,1
M,K,5,1
$,S,6,1
V,C,3,1
R,R,6,1
R,R,18,1
L,L,24,1
N,F,7,1
N,W,2,2
$,S,4,1
E,F,12,1
I,I,23,1
I,I,41,1
R,$,88,1
V,A,40,1
K,T,94,1
I,R,44,1
A,K,14,2
$,G,98,1
H,A,55,1
Q,E,68,1
P,F,36,1
$,G,34,1
$,G,8,1
V,I,5,2
T,F,13,1
A,T,13,3
K,Q,57,1
V,F,8,1
Q,E,54,1
G,Q,8,4
P,F,59,2
$,N,116,1
E,N,36,1
T,W,3,2
S,T,6,1
P,M,11,2
I,N,6,3
K,N,6,2
M,E,15,1
G,$,52,1
I,F,8,2
G,$,84,1
N,L,12,1
G,$,39,1
H,G,113,1
G,$,71,1
W,F,73,1
L,N,43,1
E,G,9,1
L,R,30,1
E,E,18,1
L,N,35,1
E,E,7,3
V,H,34,1
I,Q,9,1
$,K,7,1
R,Y,4,1
D,E,15,1
D,E,7,2
$,D,19,2
D,R,9,1
W,H,1,1
C,D,1,2
Q,H,8,1
S,Q,19,1
M,D,7,1
D,$,36,1
$,D,4,2
$,D,3,3
T,V,61,1
Q,F,61,1
P,V,43,1
K,R,15,1
T,$,50,1
W,R,7,1
E,T,6,2
M,P,14,1
$,D,58,1
N,$,53,1
T,R,12,2
M,K,12,1
T,P,6,5
M,A,33,1
M,A,1,1
Y,T,2,1
S,M,24,1
V,Y,6,2
S,M,9,1
V,Y,5,3
$,A,12,2
C,P,4,2
D,E,12,1
L,C,64,1
Y,E,7,1
G,$,53,1
$,A,25,1
C,D,5,2
G,$,87,1
D,E,28,1
$,A,29,1
Y,E,72,1
G,$,42,1
R,$,12,2
N,V,9,1
H,M,4,1
L,V,10,1
F,V,8,2
H,M,10,1
V,G,9,3
T,A,10,1
P,D,14,1
D,W,14,1
M,S,16,1
W,$,13,1
W,$,7,1
D,T,8,1
T,D,16,1
A,$,13,1
A,$,29,3
Q,P,5,3
A,$,21,2
$,A,8,4
P,I,6,3
R,R,21,1
Q,V,4,5
P,V,6,1
T,C,1,3
Q,$,9,2
T,H,5,2
$,F,8,1
P,N,12,2
$,F,1,1
N,Y,19,1
K,N,10,1
N,$,22,1
R,S,43,1
V,G,30,1
L,$,45,1
R,S,80,1
K,S,6,1
L,$,110,1
R,T,80,1
P,$,110,1
P,I,23,1
R,W,30,1
Y,K,3,3
T,$,15,2
R,S,24,1
P,I,40,1
R,W,9,1
T,$,48,1
D,$,15,3
E,V,97,1
D,E,32,1
T,$,22,1
A,V,29,1
S,K,5,2
S,R,18,1
F,$,40,2
M,T,3,1
T,D,21,3
N,F,2,5
I,E,3,2
R,Y,8,1
K,Q,3,1
M,$,9,1
G,D,60,1
$,M,24,1
M,M,27,1
V,F,6,1
$,M,22,1
M,I,1,1
V,F,1,1
Q,Y,3,1
K,R,13,1
N,T,13,1
K,R,12,1
L,$,57,1
N,R,13,1
D,V,7,2
G,$,59,2
S,Q,15,2
S,I,15,1
K,Q,6,1
H,$,27,1
$,C,1,4
N,L,2,3
L,D,42,1
$,C,4,3
P,S,70,1
H,M,111,1
S,H,49,1
L,M,87,1
N,T,31,1
M,H,21,1
C,T,9,1
R,N,72,1
P,S,13,2
N,L,29,1
P,I,57,1
V,K,7,1
P,S,14,1
D,D,38,1
P,S,16,1
N,I,22,1
A,$,27,1
N,N,52,1
D,A,29,3
A,P,14,1
R,A,12,2
P,K,31,1
L,R,4,2
P,K,14,1
D,A,31,2
A,E,9,1
V,C,8,1
S,$,17,1
V,C,1,1
Q,C,5,1
E,C,11,1
L,A,39,1
Q,C,7,1
L,M,13,1
N,$,25,1
D,K,24,1
Q,C,2,1
C,L,3,1
N,$,18,1
L,T,43,1
C,T,6,2
H,F,16,1
R,$,25,1
E,Q,47,1
L,G,42,1
E,Q,45,1
D,Y,38,3
Y,Y,9,1
M,L,8,1
V,S,16,1
T,C,8,1
D,Y,52,1
A,Q,26,2
V,S,25,1
M,L,99,1
V,S,15,1
C,V,4,4
Q,Y,8,2
L,$,10,5
V,S,382,1
Y,V,20,1
S,G,67,1
L,$,159,1
D,Y,44,1
H,E,14,3
L,$,28,2
I,P,35,1
G,A,29,1
G,C,6,1
M,L,100,2
Y,V,46,1
V,Y,12,2
L,$,37,2
V,Y,13,2
P,Y,9,1
Y,H,10,1
L,$,46,1
G,A,348,1
S,D,24,1
Y,H,51,1
L,$,198,1
G,A,272,1
G,A,32,1
L,Q,175,1
L,$,63,1
P,Y,17,1
G,S,32,1
D,P,61,1
I,P,31,1
V,Y,7,1
D,P,47,1
L,Q,19,1
G,V,57,1
Y,Y,22,1
Y,D,13,2
V,S,206,1
L,$,224,1
E,Y,43,1
C,V,14,1
Q,Y,21,1
V,S,26,1
D,P,22,1
M,L,86,1
L,$,44,1
Q,S,23,1
P,K,24,1
Y,E,6,1
I,R,33,1
T,I,2,1
Y,S,12,1
I,R,36,1
Y,S,8,1
G,T,36,1
L,V,7,1
A,E,4,5
S,I,25,1
C,H,12,2
P,$,17,2
Q,A,9,1
L,C,7,1
D,S,18,1
A,E,163,1
P,$,11,3
C,H,2,2
S,A,25,1
F,I,11,1
F,I,6,1
G,$,60,1
F,I,4,1
G,$,67,1
K,P,14,2
S,V,13,2
S,V,12,1
V,Q,7,1
T,D,14,1
L,Y,5,1
A,Y,29,1
D,Q,15,1
H,A,19,2
A,Y,39,1
D,Q,21,1
E,M,19,1
Q,R,16,1
D,A,13,2
E,M,21,1
F,E,25,1
S,T,25,1
Y,I,29,1
K,A,17,1
G,E,18,2
Y,I,26,1
K,A,16,2
R,Q,3,1
A,P,38,1
L,G,73,1
F,S,7,1
Q,S,31,1
L,$,29,2
P,E,38,1
T,E,5,1
Y,G,18,1
P,A,71,1
L,$,82,1
N,E,41,2
L,N,9,1
L,S,13,1
G,H,12,2
Q,G,17,1
L,$,39,2
P,A,22,1
P,L,10,1
L,C,4,2
L,S,11,1
E,D,18,1
L,$,20,2
A,N,7,1
T,F,18,2
L,N,10,1
L,S,36,1
Q,R,47,1
D,H,6,1
D,P,16,1
G,Y,16,1
M,G,17,1
P,$,44,1
K,H,4,2
I,K,3,3
V,$,20,1
K,K,35,1
V,$,25,1
F,V,13,2
V,$,16,2
K,K,12,1
L,M,2,1
K,H,8,2
V,$,30,1
M,L,14,1
V,$,19,2
V,Q,4,1
V,A,9,1
G,M,1,3
R,$,20,1
C,Q,7,1
F,$,32,1
C,Q,12,1
G,E,17,1
F,$,15,1
K,E,40,1
T,K,5,2
F,D,9,1
E,E,9,4
C,E,20,1
D,$,18,1
$,S,25,1
C,T,3,7
$,S,7,2
R,K,13,1
C,T,1,1
$,S,26,1
A,E,5,3
H,I,7,1
N,I,63,1
H,I,120,1
C,T,63,1
N,G,67,1
$,L,12,2
V,E,15,1
D,D,14,1
W,P,1,2
Y,P,18,1
L,$,22,1
Y,P,11,1
P,Y,22,1
W,K,5,1
M,T,5,2
G,V,19,1
F,G,11,3
Y,A,10,1
Y,$,45,3
F,G,16,1
S,N,20,1
N,Y,16,1
N,Y,3,1
Y,$,57,1
Y,L,16,1
L,$,14,3
F,I,16,1
E,R,43,1
A,T,19,1
G,F,24,1
P,P,13,1
E,R,46,1
A,T,14,1
E,R,40,1
R,P,39,1
H,P,31,1
N,G,16,1
G,L,26,1
D,N,20,1
D,S,5,3
Y,V,4,1
K,D,11,1
N,A,19,1
A,A,8,1
I,S,18,1
H,D,53,1
R,P,35,1
H,D,12,1
G,Q,24,1
M,N,31,1
F,$,4,12
A,Y,14,1
F,L,3,1
D,G,12,1
S,T,7,1
G,S,27,2
N,E,12,1
R,S,16,1
V,C,6,1
Y,C,8,1
F,H,5,1
T,N,9,4
E,P,14,1
E,A,57,1
P,V,13,2
E,A,58,1
S,G,26,1
R,R,9,2
I,I,10,1
Q,Y,11,1
F,L,58,1
C,P,20,1
R,K,7,1
G,V,16,1
I,V,11,1
A,K,10,1
V,$,35,1
Q,D,5,1
V,$,17,1
M,V,11,1
P,N,18,1
Y,$,35,1
F,$,42,2
L,A,15,2
$,G,41,2
F,K,6,3
V,K,9,1
F,K,17,1
P,D,68,1
$,G,42,1
V,I,1,1
T,N,10,2
S,F,7,3
L,E,12,1
M,P,37,1
V,$,52,1
M,P,23,1
I,V,9,1
V,$,26,1
S,I,79,1
$,M,8,1
L,S,14,1
I,N,9,1
Q,L,9,1
S,Q,12,1
D,L,23,1
N,Q,33,1
A,F,41,1
L,R,64,1
D,L,36,1
L,F,11,1
N,Q,50,1
A,F,59,1
D,C,32,1
D,T,36,1
A,F,48,1
D,A,50,1
R,P,66,1
K,A,41,1
A,Y,18,1
I,A,40,1
S,V,9,2
G,F,14,2
L,$,65,1
T,K,19,2
L,T,45,1
L,$,23,2
W,K,3,1
V,C,5,1
D,S,13,1
Y,Q,3,1
$,D,10,1
Y,Q,13,1
A,V,13,1
D,S,16,1
T,K,15,1
H,T,17,2
Y,N,92,1
I,I,8,2
D,S,20,1
D,Q,29,1
L,C,14,1
Y,E,29,1
F,$,10,1
E,H,10,1
R,F,30,1
T,W,13,1
L,D,59,1
F,$,24,1
H,T,7,1
C,G,12,1
V,R,1,4
W,F,1,1
C,G,9,3
F,$,66,1
N,T,26,1
H,F,44,1
L,C,18,1
F,$,19,1
G,T,13,1
R,F,34,1
N,T,15,1
N,E,13,1
C,G,20,1
D,W,8,1
F,D,7,1
L,C,2,2
F,$,59,1
W,R,4,1
W,T,6,1
M,R,9,1
A,L,40,1
A,H,15,1
M,C,4,1
A,P,41,1
M,C,2,2
M,Q,4,2
M,C,3,1
Q,K,8,1
H,A,10,1
Y,G,14,1
F,S,9,1
N,Y,9,1
E,M,4,2
A,L,42,1
S,C,26,2
T,E,12,1
K,R,8,1
T,K,36,1
R,$,22,1
S,D,28,2
Y,Q,4,1
H,$,6,2
S,D,27,1
R,Y,3,1
H,$,7,6
L,Q,31,1
H,$,64,1
L,Q,34,1
H,$,67,2
Q,K,17,1
D,C,3,1
P,E,21,1
L,Q,13,1
H,$,56,1
$,A,31,4
K,G,17,7
H,$,71,2
Q,P,11,1
L,Q,7,1
H,$,62,2
S,D,148,1
H,V,14,1
G,S,36,1
H,$,40,1
$,A,22,1
H,$,57,1
K,T,18,1
L,Q,32,1
H,$,72,3
L,Q,9,2
H,$,78,1
$,A,30,2
P,E,22,2
H,$,70,1
K,G,18,1
H,$,69,1
$,A,28,1
L,Q,35,2
H,$,68,1
$,A,26,1
L,Q,14,1
Q,G,44,1
H,$,58,1
L,Q,26,1
H,$,84,1
P,E,15,1
H,$,55,1
Q,K,18,1
K,G,22,1
H,$,54,1
Q,G,34,1
G,M,14,1
M,P,8,1
G,L,16,1
A,D,18,1
N,Y,38,1
S,$,34,1
D,D,18,1
A,D,15,1
G,G,19,1
$,Q,5,1
N,P,10,1
G,C,16,2
A,H,5,1
L,I,31,1
D,K,30,2
K,E,20,1
N,L,23,1
R,N,52,1
L,A,21,1
Q,Q,25,1
I,K,31,1
L,A,32,1
E,I,17,1
F,P,10,1
K,D,55,1
I,K,24,1
C,G,23,1
Y,R,7,1
L,P,12,1
K,D,36,1
K,G,27,2
F,A,25,1
G,N,21,1
$,M,51,1
I,P,21,1
V,K,33,1
G,L,56,1
K,R,2,1
I,L,15,1
C,D,6,1
A,T,8,2
I,L,6,1
G,T,19,2
H,D,8,1
H,Q,5,1
K,C,1,1
V,E,4,1
L,H,13,1
P,I,9,1
K,H,36,1
L,H,83,1
K,G,34,1
C,L,1,1
H,N,79,1
N,F,21,1
C,L,7,1
L,H,115,1
Y,N,14,1
R,Q,41,1
K,H,22,1
S,$,40,1
H,N,80,1
K,G,33,1
H,N,78,1
L,Y,9,1
M,E,84,1
A,G,56,1
D,C,2,1
L,G,18,1
M,I,9,1
T,Q,53,1
H,F,7,1
T,Q,54,1
W,F,2,1
M,T,11,1
K,N,30,1
D,C,4,1
V,Y,2,1
T,N,5,2
G,S,25,1
E,D,24,1
E,D,23,2
N,G,22,1
N,E,65,1
D,C,63,1
K,R,21,1
A,F,19,1
E,D,33,1
C,T,7,2
P,N,16,1
I,F,22,1
T,K,17,3
I,H,12,1
T,D,9,1
G,G,43,1
Y,H,3,1
G,Q,29,2
L,D,38,1
L,Y,13,2
T,V,17,1
G,Q,25,1
G,V,29,1
E,L,34,1
D,R,25,1
K,D,29,1
R,S,13,1
G,H,34,1
M,T,13,1
Q,E,12,1
G,M,29,1
D,N,54,1
T,D,84,1
D,W,33,1
R,Y,5,1
Y,R,20,2
L,A,17,1
A,S,46,1
T,D,33,1
P,D,21,1
N,T,20,1
F,P,53,1
E,L,37,1
G,T,49,1
N,G,55,1
R,D,57,1
W,V,35,1
D,R,51,1
V,W,36,1
E,$,40,1
D,R,20,1
V,W,20,1
V,V,7,2
V,W,21,1
E,$,19,1
D,V,40,1
N,Y,20,1
H,D,3,1
N,L,28,2
E,$,14,1
Y,F,19,1
Y,E,18,1
I,S,14,1
E,I,28,1
S,E,66,1
F,F,15,2
T,K,13,2
N,I,38,1
V,K,15,1
L,N,17,1
S,E,62,1
N,K,29,1
M,K,4,1
E,T,17,1
E,T,15,1
N,K,23,1
T,L,45,1
I,L,63,1
C,V,2,1
S,V,28,1
C,G,19,1
W,S,23,1
T,D,89,1
R,$,350,1
R,$,409,1
S,N,57,1
V,A,23,1
E,W,16,1
H,E,42,1
R,$,45,1
E,W,49,1
T,D,101,1
R,$,225,1
S,N,37,1
E,W,39,1
H,E,43,1
R,$,238,1
S,L,177,1
S,L,128,1
A,S,16,1
$,G,35,1
N,T,9,1
W,L,8,2
K,M,6,1
T,P,11,1
A,S,13,1
P,Y,94,1
Y,T,6,1
W,M,2,1
A,H,12,1
M,Q,2,1
H,F,9,1
L,L,23,1
I,Q,6,1
L,L,19,1
M,Y,9,1
L,E,84,1
R,$,674,1
R,$,730,1
Y,$,730,1
L,G,22,1
W,$,12,1
P,I,50,1
R,E,14,1
L,V,15,1
P,L,18,1
E,N,105,1
D,$,69,1
A,R,33,1
D,$,25,1
H,I,13,1
R,H,27,1
N,D,34,1
D,$,51,1
M,I,31,1
F,$,57,1
F,$,44,1
W,G,11,1
F,A,13,2
V,Y,8,1
A,N,155,1
G,A,39,1
Q,N,64,1
F,$,330,1
V,V,8,2
A,Y,10,1
F,$,23,1
D,V,76,1
S,V,111,1
A,A,30,1
D,S,32,1
F,$,227,1
N,G,44,1
F,K,19,1
G,P,53,1
L,R,18,1
F,D,98,1
S,V,27,1
W,S,1,1
A,L,17,1
R,P,19,1
F,$,341,1
C,I,1,5
G,R,21,1
G,R,26,1
N,C,1,4
P,C,14,1
N,C,2,3
R,P,9,1
T,C,2,1
F,C,3,1
H,$,3,3
F,C,5,1
D,V,11,1
H,$,1,3
R,N,12,1
N,A,30,1
H,$,5,1
C,Y,1,1
F,C,7,1
H,$,8,1
W,G,6,1
E,$,151,1
E,$,33,1
A,E,67,1
Q,G,16,2
E,$,42,1
A,E,83,1
A,E,70,1
E,$,43,1
A,Q,102,1
E,$,20,1
G,T,20,1
V,R,14,1
K,C,3,2
Y,F,1,1
V,P,15,1
N,V,8,2
N,A,16,1
P,E,26,1
N,V,23,1
E,W,3,1
T,N,6,2
A,$,58,1
C,R,27,1
P,C,2,2
C,R,30,1
E,$,58,1
H,L,6,1
W,N,5,1
T,W,2,1
W,N,28,1
C,H,5,1
W,N,6,2
H,L,4,1
C,H,6,1
C,R,8,1
C,K,2,1
C,G,2,1
M,S,12,2
N,C,10,1
M,S,11,1
W,N,8,1
I,I,3,2
N,S,9,1
N,N,6,2
E,F,11,1
E,F,10,1
S,D,13,1
C,S,6,1
C,S,5,2
K,S,11,1
C,R,6,1
G,G,23,1
R,Y,10,1
V,R,8,2
S,F,6,2
A,Y,20,1
S,$,31,1
C,K,4,2
A,Y,15,1
S,$,27,2
I,A,24,1
L,N,13,1
I,A,20,1
I,A,12,1
S,$,35,1
Q,C,6,1
E,C,5,1
F,R,28,1
Y,N,16,1
Q,Q,24,1
C,V,17,1
T,Q,12,1
F,R,4,1
C,E,11,1
P,V,9,1
Q,C,11,1
C,T,25,1
C,E,6,2
F,$,30,1
E,C,42,1
F,L,10,1
R,Q,15,2
C,P,13,1
F,R,2,1
Q,Y,12,1
T,Q,28,1
P,T,7,2
R,$,18,1
Y,Y,2,2
$,C,2,9
$,C,5,1
Y,Y,4,1
A,C,13,1
$,C,3,4
R,$,9,1
Y,C,53,1
G,$,12,1
Y,C,28,1
P,D,28,1
H,$,18,1
C,K,29,1
C,K,9,1
C,R,31,1
D,C,9,1
R,D,11,1
L,C,23,1
R,D,9,1
G,Q,15,1
L,A,20,1
D,K,16,1
D,K,22,1
W,E,2,1
E,Q,11,1
T,V,30,1
$,L,8,1
$,L,13,1
T,V,25,1
C,K,3,1
K,S,13,1
G,$,75,1
G,$,31,1
C,M,12,1
D,$,53,1
R,D,22,1
P,G,22,1
R,$,19,1
K,Q,7,2
Q,L,18,1
S,F,15,1
G,R,24,1
P,S,25,1
G,C,4,1
C,G,7,1
V,T,5,2
C,C,1,2
L,V,4,1
C,C,4,1
G,D,53,1
C,C,9,1
F,M,6,1
E,$,18,1
E,$,57,1
L,$,69,2
L,$,79,1
L,L,38,1
L,$,30,1
C,S,22,1
R,C,7,1
F,L,21,1
L,$,98,1
C,Q,3,1
L,L,6,1
F,L,23,1
L,P,31,1
T,K,29,1
K,$,62,1
N,E,29,1
Q,H,5,1
G,$,34,1
T,$,41,1
A,W,31,1
A,C,9,1
A,W,7,1
C,T,10,1
A,$,24,1
C,T,23,1
L,P,28,1
P,L,103,1
S,N,28,1
P,L,133,1
Y,E,5,3
S,N,11,2
G,Q,12,1
G,R,6,3
V,$,21,3
S,N,40,1
P,L,127,1
Q,N,10,1
S,N,26,1
L,R,7,1
Q,Q,100,1
V,A,15,1
I,V,6,1
A,H,7,1
E,N,17,1
Y,F,7,1
W,$,28,1
E,R,26,1
Q,L,26,1
N,Y,30,1
V,N,31,1
W,P,8,1
Q,W,30,1
S,P,24,1
V,R,11,1
R,D,1,1
P,D,24,1
M,I,3,1
Q,F,10,1
K,R,16,1
C,E,5,1
C,G,5,1
Y,R,6,1
T,V,19,1
P,M,2,1
W,A,10,1
V,H,31,1
N,D,16,1
S,E,18,1
M,F,12,1
P,P,31,1
W,G,14,1
T,T,19,1
L,W,12,1
Y,H,12,1
K,I,34,1
D,F,22,1
Q,A,17,1
N,G,18,1
G,R,22,1
A,$,41,1
D,F,38,1
D,Y,27,1
D,F,14,1
G,D,22,1
W,G,7,1
K,I,18,1
G,E,35,1
P,E,51,1
T,A,45,1
E,N,37,1
Y,Q,8,1
M,Q,5,1
T,E,18,1
Y,G,15,1
W,E,6,1
K,R,32,1
P,Q,36,1
D,S,25,1
N,M,6,1
$,L,4,6
H,F,19,1
G,Q,21,1
E,M,2,2
S,Q,22,2
V,K,18,1
R,S,11,1
F,T,2,5
Q,I,7,1
S,Q,24,1
$,L,10,1
Q,P,8,1
E,S,20,1
E,M,11,1
R,T,13,2
E,S,15,1
V,E,17,1
P,V,7,2
T,D,24,1
F,T,5,3
M,E,8,1
S,Q,23,1
S,Q,5,1
$,L,11,1
G,Q,48,1
$,L,7,1
I,W,3,1
G,Q,11,1
I,R,3,1
Q,A,30,1
E,E,39,1
G,G,18,1
E,V,20,1
I,R,26,1
E,V,16,1
I,R,1,1
V,$,59,2
V,$,41,1
G,K,15,1
P,R,33,1
Q,W,12,1
G,T,38,1
V,$,48,2
Q,W,13,1
A,T,80,1
H,$,9,1
T,Y,61,1
I,L,80,1
E,A,50,1
W,$,31,1
E,A,56,1
W,$,35,1
A,W,42,1
W,$,37,1
A,W,155,1
W,$,65,1
S,D,21,1
T,K,70,1
F,E,35,1
K,I,72,1
F,E,31,1
H,T,71,1
P,W,20,2
F,A,4,1
H,$,92,1
H,$,101,1
H,$,91,1
$,S,9,1
G,P,27,1
F,F,8,1
G,P,48,2
T,A,16,1
R,T,16,1
A,E,16,1
T,P,8,3
L,I,14,1
K,H,5,1
R,V,137,1
T,H,4,1
D,E,39,3
H,E,15,2
D,E,41,1
M,A,16,2
V,T,16,2
D,E,53,1
S,F,9,1
V,$,28,1
V,T,13,1
S,F,10,1
A,Q,17,1
V,T,15,1
V,$,18,2
G,R,34,1
Q,S,8,1
D,M,15,1
G,R,9,2
V,T,22,1
F,L,28,1
T,N,12,2
V,$,298,1
D,Q,13,1
V,T,26,1
M,Y,2,1
Q,Y,13,1
W,C,4,1
V,$,103,1
V,V,3,1
E,M,7,1
G,T,9,2
D,E,40,2
I,H,6,1
N,D,8,2
T,N,19,1
F,T,17,1
A,W,18,1
V,$,24,1
S,F,56,1
D,S,49,1
T,N,32,1
V,T,39,1
F,T,19,1
Q,E,35,1
D,M,16,1
A,T,12,1
M,L,27,1
S,A,18,1
W,V,13,1
T,A,12,1
P,W,70,1
P,V,14,1
Y,P,69,1
Q,N,12,1
Y,$,178,1
W,V,20,1
I,H,9,1
Y,P,192,1
Q,N,21,1
Y,$,46,1
Y,$,188,1
V,S,21,1
T,G,210,1
S,D,130,1
F,W,69,1
Y,$,93,1
T,Y,36,1
M,I,2,1
V,V,11,1
Q,C,32,1
I,G,11,1
I,Y,30,1
G,L,36,1
T,Q,6,2
Y,K,24,1
V,I,34,1
C,K,5,1
E,E,15,1
L,$,67,1
G,L,64,1
Y,K,27,1
I,N,36,1
C,K,10,1
S,F,14,1
L,P,44,1
H,K,36,1
C,W,5,1
W,V,5,1
T,S,12,1
N,V,16,1
C,R,10,1
W,V,16,1
V,M,22,1
T,E,36,1
R,A,16,1
V,V,2,1
V,H,36,1
T,I,21,1
M,V,9,1
M,V,19,1
D,T,18,1
D,I,30,1
D,T,49,1
A,G,32,1
P,R,30,1
D,E,50,1
Y,G,35,1
S,T,106,1
L,E,29,1
R,$,26,1
